instance,repetition,position,solver,exit_code,status,cost,sets,preparation_wall_s,core_wall_s,total_after_read_wall_s,preparation_cpu_s,core_cpu_s,total_after_read_cpu_s,process_wall_s,process_user_s,process_system_s,max_rss_kb,nodes,best_bound,gap_percent,solution_valid,log_file
"scp41","1","1","cplex","0","Optimal","429","66","0.001506948","0.010782704","0.012289652","0.001506000","0.010784000","0.012290000","0.017683029","0.00","0.00","19700","0","429","0","SIM","/home/leo/novo_tcc_rian/cplex_testes_versus_meu_codigo/dlx_nova_versao/comparacao/resultados/20260822_191919_2/logs/scp41_rep01_pos1_cplex.log"
"scp41","1","2","dlx","0","Optimal","429","66","0.007188903","0.000039876","0.007228779","0.007190000","0.000039000","0.007229000","0.010837078","0.00","0.00","3844","67","429.0000","","","/home/leo/novo_tcc_rian/cplex_testes_versus_meu_codigo/dlx_nova_versao/comparacao/resultados/20260822_191919_2/logs/scp41_rep01_pos2_dlx.log"
"scp41","2","1","dlx","0","Optimal","429","66","0.006618656","0.000047660","0.006666316","0.006618000","0.000047000","0.006665000","0.010844946","0.00","0.00","3736","67","429.0000","","","/home/leo/novo_tcc_rian/cplex_testes_versus_meu_codigo/dlx_nova_versao/comparacao/resultados/20260822_191919_2/logs/scp41_rep02_pos1_dlx.log"
"scp41","2","2","cplex","0","Optimal","429","66","0.001534922","0.021911969","0.023446891","0.001534000","0.021914000","0.023448000","0.029121876","0.02","0.00","20064","0","429","0","SIM","/home/leo/novo_tcc_rian/cplex_testes_versus_meu_codigo/dlx_nova_versao/comparacao/resultados/20260822_191919_2/logs/scp41_rep02_pos2_cplex.log"
"scp41","3","1","cplex","0","Optimal","429","66","0.001449786","0.010226893","0.011676679","0.001450000","0.010228000","0.011678000","0.017513990","0.01","0.00","20468","0","429","0","SIM","/home/leo/novo_tcc_rian/cplex_testes_versus_meu_codigo/dlx_nova_versao/comparacao/resultados/20260822_191919_2/logs/scp41_rep03_pos1_cplex.log"
"scp41","3","2","dlx","0","Optimal","429","66","0.008751347","0.000055188","0.008806535","0.008750000","0.000055000","0.008805000","0.012789965","0.01","0.00","3916","67","429.0000","","","/home/leo/novo_tcc_rian/cplex_testes_versus_meu_codigo/dlx_nova_versao/comparacao/resultados/20260822_191919_2/logs/scp41_rep03_pos2_dlx.log"
"scp41","4","1","dlx","0","Optimal","429","66","0.006731123","0.000038953","0.006770076","0.006729000","0.000038000","0.006767000","0.010606050","0.00","0.00","3988","67","429.0000","","","/home/leo/novo_tcc_rian/cplex_testes_versus_meu_codigo/dlx_nova_versao/comparacao/resultados/20260822_191919_2/logs/scp41_rep04_pos1_dlx.log"
"scp41","4","2","cplex","0","Optimal","429","66","0.002699259","0.010630007","0.013329266","0.002697000","0.010631000","0.013328000","0.019388914","0.01","0.00","19956","0","429","0","SIM","/home/leo/novo_tcc_rian/cplex_testes_versus_meu_codigo/dlx_nova_versao/comparacao/resultados/20260822_191919_2/logs/scp41_rep04_pos2_cplex.log"
"scp41","5","1","cplex","0","Optimal","429","66","0.001342510","0.010599671","0.011942181","0.001342000","0.010602000","0.011944000","0.017203093","0.01","0.00","20252","0","429","0","SIM","/home/leo/novo_tcc_rian/cplex_testes_versus_meu_codigo/dlx_nova_versao/comparacao/resultados/20260822_191919_2/logs/scp41_rep05_pos1_cplex.log"
"scp41","5","2","dlx","0","Optimal","429","66","0.007201425","0.000039797","0.007241222","0.007200000","0.000040000","0.007240000","0.011059999","0.00","0.00","3988","67","429.0000","","","/home/leo/novo_tcc_rian/cplex_testes_versus_meu_codigo/dlx_nova_versao/comparacao/resultados/20260822_191919_2/logs/scp41_rep05_pos2_dlx.log"
"scp42","1","1","dlx","0","Optimal","512","60","0.005652367","0.000137930","0.005790297","0.005653000","0.000139000","0.005792000","0.011317968","0.00","0.00","4112","61","512.0000","","","/home/leo/novo_tcc_rian/cplex_testes_versus_meu_codigo/dlx_nova_versao/comparacao/resultados/20260822_191919_2/logs/scp42_rep01_pos1_dlx.log"
"scp42","1","2","cplex","0","Optimal","512","60","0.001665428","0.011017864","0.012683292","0.001665000","0.011021000","0.012686000","0.020606995","0.01","0.00","20512","0","512","0","SIM","/home/leo/novo_tcc_rian/cplex_testes_versus_meu_codigo/dlx_nova_versao/comparacao/resultados/20260822_191919_2/logs/scp42_rep01_pos2_cplex.log"
"scp42","2","1","cplex","0","Optimal","512","60","0.001647204","0.011933547","0.013580751","0.001647000","0.011935000","0.013582000","0.018808842","0.01","0.00","19664","0","512","0","SIM","/home/leo/novo_tcc_rian/cplex_testes_versus_meu_codigo/dlx_nova_versao/comparacao/resultados/20260822_191919_2/logs/scp42_rep02_pos1_cplex.log"
"scp42","2","2","dlx","0","Optimal","512","60","0.006556049","0.000088248","0.006644297","0.006560000","0.000088000","0.006648000","0.011137962","0.00","0.00","3800","61","512.0000","","","/home/leo/novo_tcc_rian/cplex_testes_versus_meu_codigo/dlx_nova_versao/comparacao/resultados/20260822_191919_2/logs/scp42_rep02_pos2_dlx.log"
"scp42","3","1","dlx","0","Optimal","512","60","0.005508071","0.000050885","0.005558956","0.005507000","0.000051000","0.005558000","0.009565115","0.00","0.00","3996","61","512.0000","","","/home/leo/novo_tcc_rian/cplex_testes_versus_meu_codigo/dlx_nova_versao/comparacao/resultados/20260822_191919_2/logs/scp42_rep03_pos1_dlx.log"
"scp42","3","2","cplex","0","Optimal","512","60","0.002283064","0.014104188","0.016387252","0.002283000","0.014106000","0.016389000","0.023283005","0.01","0.00","19548","0","512","0","SIM","/home/leo/novo_tcc_rian/cplex_testes_versus_meu_codigo/dlx_nova_versao/comparacao/resultados/20260822_191919_2/logs/scp42_rep03_pos2_cplex.log"
"scp42","4","1","cplex","0","Optimal","512","60","0.001429095","0.014264651","0.015693746","0.001429000","0.014267000","0.015696000","0.021155119","0.01","0.00","19636","0","512","0","SIM","/home/leo/novo_tcc_rian/cplex_testes_versus_meu_codigo/dlx_nova_versao/comparacao/resultados/20260822_191919_2/logs/scp42_rep04_pos1_cplex.log"
"scp42","4","2","dlx","0","Optimal","512","60","0.005191135","0.000063121","0.005254256","0.005190000","0.000063000","0.005253000","0.009552002","0.00","0.00","3868","61","512.0000","","","/home/leo/novo_tcc_rian/cplex_testes_versus_meu_codigo/dlx_nova_versao/comparacao/resultados/20260822_191919_2/logs/scp42_rep04_pos2_dlx.log"
"scp42","5","1","dlx","0","Optimal","512","60","0.005551208","0.000050980","0.005602188","0.005549000","0.000051000","0.005600000","0.009883881","0.00","0.00","3996","61","512.0000","","","/home/leo/novo_tcc_rian/cplex_testes_versus_meu_codigo/dlx_nova_versao/comparacao/resultados/20260822_191919_2/logs/scp42_rep05_pos1_dlx.log"
"scp42","5","2","cplex","0","Optimal","512","60","0.001656812","0.012490390","0.014147202","0.001656000","0.012493000","0.014149000","0.020331144","0.01","0.00","20464","0","512","0","SIM","/home/leo/novo_tcc_rian/cplex_testes_versus_meu_codigo/dlx_nova_versao/comparacao/resultados/20260822_191919_2/logs/scp42_rep05_pos2_cplex.log"
"scp43","1","1","cplex","0","Optimal","516","64","0.001715572","0.011192449","0.012908021","0.001715000","0.011194000","0.012909000","0.021374941","0.01","0.00","20216","0","516","0","SIM","/home/leo/novo_tcc_rian/cplex_testes_versus_meu_codigo/dlx_nova_versao/comparacao/resultados/20260822_191919_2/logs/scp43_rep01_pos1_cplex.log"
"scp43","1","2","dlx","0","Optimal","516","64","0.004691840","0.000058151","0.004749991","0.004692000","0.000058000","0.004750000","0.008635044","0.00","0.00","3676","65","516.0000","","","/home/leo/novo_tcc_rian/cplex_testes_versus_meu_codigo/dlx_nova_versao/comparacao/resultados/20260822_191919_2/logs/scp43_rep01_pos2_dlx.log"
"scp43","2","1","dlx","0","Optimal","516","64","0.004564258","0.000059113","0.004623371","0.004563000","0.000059000","0.004622000","0.009405851","0.00","0.00","3988","65","516.0000","","","/home/leo/novo_tcc_rian/cplex_testes_versus_meu_codigo/dlx_nova_versao/comparacao/resultados/20260822_191919_2/logs/scp43_rep02_pos1_dlx.log"
"scp43","2","2","cplex","0","Optimal","516","64","0.001674049","0.009430846","0.011104895","0.001679000","0.009432000","0.011111000","0.016112089","0.01","0.00","20448","0","516","0","SIM","/home/leo/novo_tcc_rian/cplex_testes_versus_meu_codigo/dlx_nova_versao/comparacao/resultados/20260822_191919_2/logs/scp43_rep02_pos2_cplex.log"
"scp43","3","1","cplex","0","Optimal","516","64","0.001646282","0.011179248","0.012825530","0.001646000","0.011189000","0.012835000","0.031101942","0.01","0.00","20796","0","516","0","SIM","/home/leo/novo_tcc_rian/cplex_testes_versus_meu_codigo/dlx_nova_versao/comparacao/resultados/20260822_191919_2/logs/scp43_rep03_pos1_cplex.log"
"scp43","3","2","dlx","0","Optimal","516","64","0.004373603","0.000052123","0.004425726","0.004372000","0.000052000","0.004424000","0.008262157","0.00","0.00","3852","65","516.0000","","","/home/leo/novo_tcc_rian/cplex_testes_versus_meu_codigo/dlx_nova_versao/comparacao/resultados/20260822_191919_2/logs/scp43_rep03_pos2_dlx.log"
"scp43","4","1","dlx","0","Optimal","516","64","0.004959500","0.000058255","0.005017755","0.004960000","0.000058000","0.005018000","0.009298086","0.00","0.00","3916","65","516.0000","","","/home/leo/novo_tcc_rian/cplex_testes_versus_meu_codigo/dlx_nova_versao/comparacao/resultados/20260822_191919_2/logs/scp43_rep04_pos1_dlx.log"
"scp43","4","2","cplex","0","Optimal","516","64","0.001638371","0.011493215","0.013131586","0.001637000","0.011495000","0.013132000","0.018491030","0.01","0.00","20244","0","516","0","SIM","/home/leo/novo_tcc_rian/cplex_testes_versus_meu_codigo/dlx_nova_versao/comparacao/resultados/20260822_191919_2/logs/scp43_rep04_pos2_cplex.log"
"scp43","5","1","cplex","0","Optimal","516","64","0.001311217","0.009747372","0.011058589","0.001311000","0.009750000","0.011061000","0.016035080","0.01","0.00","20036","0","516","0","SIM","/home/leo/novo_tcc_rian/cplex_testes_versus_meu_codigo/dlx_nova_versao/comparacao/resultados/20260822_191919_2/logs/scp43_rep05_pos1_cplex.log"
"scp43","5","2","dlx","0","Optimal","516","64","0.006146354","0.000079201","0.006225555","0.005746000","0.000078000","0.005824000","0.011523962","0.00","0.00","3996","65","516.0000","","","/home/leo/novo_tcc_rian/cplex_testes_versus_meu_codigo/dlx_nova_versao/comparacao/resultados/20260822_191919_2/logs/scp43_rep05_pos2_dlx.log"
"scp44","1","1","dlx","0","Optimal","494","63","0.008451576","0.000175695","0.008627271","0.008452000","0.000175000","0.008627000","0.013146877","0.01","0.00","3952","304","493.9462","","","/home/leo/novo_tcc_rian/cplex_testes_versus_meu_codigo/dlx_nova_versao/comparacao/resultados/20260822_191919_2/logs/scp44_rep01_pos1_dlx.log"
"scp44","1","2","cplex","0","Optimal","494","63","0.001301850","0.024361392","0.025663242","0.001301000","0.024364000","0.025665000","0.031937838","0.02","0.00","22944","0","494","0","SIM","/home/leo/novo_tcc_rian/cplex_testes_versus_meu_codigo/dlx_nova_versao/comparacao/resultados/20260822_191919_2/logs/scp44_rep01_pos2_cplex.log"
"scp44","2","1","cplex","0","Optimal","494","63","0.001307920","0.020062873","0.021370793","0.001307000","0.020065000","0.021372000","0.026649952","0.02","0.00","23060","0","494","0","SIM","/home/leo/novo_tcc_rian/cplex_testes_versus_meu_codigo/dlx_nova_versao/comparacao/resultados/20260822_191919_2/logs/scp44_rep02_pos1_cplex.log"
"scp44","2","2","dlx","0","Optimal","494","63","0.007206970","0.000159454","0.007366424","0.007205000","0.000159000","0.007364000","0.012109995","0.00","0.00","3868","304","493.9462","","","/home/leo/novo_tcc_rian/cplex_testes_versus_meu_codigo/dlx_nova_versao/comparacao/resultados/20260822_191919_2/logs/scp44_rep02_pos2_dlx.log"
"scp44","3","1","dlx","0","Optimal","494","63","0.011711941","0.000375065","0.012087006","0.011726000","0.000375000","0.012101000","0.018183947","0.01","0.00","3952","304","493.9462","","","/home/leo/novo_tcc_rian/cplex_testes_versus_meu_codigo/dlx_nova_versao/comparacao/resultados/20260822_191919_2/logs/scp44_rep03_pos1_dlx.log"
"scp44","3","2","cplex","0","Optimal","494","63","0.001646781","0.021267810","0.022914591","0.001646000","0.021270000","0.022916000","0.028545141","0.02","0.00","23208","0","494","0","SIM","/home/leo/novo_tcc_rian/cplex_testes_versus_meu_codigo/dlx_nova_versao/comparacao/resultados/20260822_191919_2/logs/scp44_rep03_pos2_cplex.log"
"scp44","4","1","cplex","0","Optimal","494","63","0.002293260","0.029859194","0.032152454","0.002294000","0.029861000","0.032155000","0.039509058","0.03","0.00","22460","0","494","0","SIM","/home/leo/novo_tcc_rian/cplex_testes_versus_meu_codigo/dlx_nova_versao/comparacao/resultados/20260822_191919_2/logs/scp44_rep04_pos1_cplex.log"
"scp44","4","2","dlx","0","Optimal","494","63","0.010419443","0.000266836","0.010686279","0.010420000","0.000266000","0.010686000","0.015213013","0.01","0.00","3880","304","493.9462","","","/home/leo/novo_tcc_rian/cplex_testes_versus_meu_codigo/dlx_nova_versao/comparacao/resultados/20260822_191919_2/logs/scp44_rep04_pos2_dlx.log"
"scp44","5","1","dlx","0","Optimal","494","63","0.007167951","0.000164577","0.007332528","0.007167000","0.000164000","0.007331000","0.010958195","0.00","0.00","3880","304","493.9462","","","/home/leo/novo_tcc_rian/cplex_testes_versus_meu_codigo/dlx_nova_versao/comparacao/resultados/20260822_191919_2/logs/scp44_rep05_pos1_dlx.log"
"scp44","5","2","cplex","0","Optimal","494","63","0.001437798","0.020092826","0.021530624","0.001438000","0.020094000","0.021532000","0.027284861","0.02","0.00","23556","0","494","0","SIM","/home/leo/novo_tcc_rian/cplex_testes_versus_meu_codigo/dlx_nova_versao/comparacao/resultados/20260822_191919_2/logs/scp44_rep05_pos2_cplex.log"
"scp45","1","1","cplex","0","Optimal","512","60","0.001613856","0.010820133","0.012433989","0.001613000","0.010822000","0.012435000","0.020210028","0.01","0.00","19868","0","512","0","SIM","/home/leo/novo_tcc_rian/cplex_testes_versus_meu_codigo/dlx_nova_versao/comparacao/resultados/20260822_191919_2/logs/scp45_rep01_pos1_cplex.log"
"scp45","1","2","dlx","0","Optimal","512","60","0.004641896","0.000039591","0.004681487","0.004641000","0.000040000","0.004681000","0.008479834","0.00","0.00","3984","61","512.0000","","","/home/leo/novo_tcc_rian/cplex_testes_versus_meu_codigo/dlx_nova_versao/comparacao/resultados/20260822_191919_2/logs/scp45_rep01_pos2_dlx.log"
"scp45","2","1","dlx","0","Optimal","512","60","0.006144714","0.000042275","0.006186989","0.006143000","0.000042000","0.006185000","0.011355162","0.00","0.00","3984","61","512.0000","","","/home/leo/novo_tcc_rian/cplex_testes_versus_meu_codigo/dlx_nova_versao/comparacao/resultados/20260822_191919_2/logs/scp45_rep02_pos1_dlx.log"
"scp45","2","2","cplex","0","Optimal","512","60","0.001658963","0.009901420","0.011560383","0.001659000","0.009903000","0.011562000","0.016953945","0.01","0.00","19300","0","512","0","SIM","/home/leo/novo_tcc_rian/cplex_testes_versus_meu_codigo/dlx_nova_versao/comparacao/resultados/20260822_191919_2/logs/scp45_rep02_pos2_cplex.log"
"scp45","3","1","cplex","0","Optimal","512","60","0.002334526","0.014612975","0.016947501","0.002334000","0.014623000","0.016957000","0.024435043","0.02","0.00","19816","0","512","0","SIM","/home/leo/novo_tcc_rian/cplex_testes_versus_meu_codigo/dlx_nova_versao/comparacao/resultados/20260822_191919_2/logs/scp45_rep03_pos1_cplex.log"
"scp45","3","2","dlx","0","Optimal","512","60","0.004557056","0.000039730","0.004596786","0.004555000","0.000040000","0.004595000","0.008877993","0.00","0.00","3868","61","512.0000","","","/home/leo/novo_tcc_rian/cplex_testes_versus_meu_codigo/dlx_nova_versao/comparacao/resultados/20260822_191919_2/logs/scp45_rep03_pos2_dlx.log"
"scp45","4","1","dlx","0","Optimal","512","60","0.004963145","0.000040008","0.005003153","0.004962000","0.000040000","0.005002000","0.009126902","0.00","0.00","3840","61","512.0000","","","/home/leo/novo_tcc_rian/cplex_testes_versus_meu_codigo/dlx_nova_versao/comparacao/resultados/20260822_191919_2/logs/scp45_rep04_pos1_dlx.log"
"scp45","4","2","cplex","0","Optimal","512","60","0.001624060","0.010405495","0.012029555","0.001624000","0.010408000","0.012032000","0.017310143","0.00","0.00","20160","0","512","0","SIM","/home/leo/novo_tcc_rian/cplex_testes_versus_meu_codigo/dlx_nova_versao/comparacao/resultados/20260822_191919_2/logs/scp45_rep04_pos2_cplex.log"
"scp45","5","1","cplex","0","Optimal","512","60","0.002613168","0.013534402","0.016147570","0.002613000","0.013536000","0.016149000","0.022936106","0.01","0.00","19604","0","512","0","SIM","/home/leo/novo_tcc_rian/cplex_testes_versus_meu_codigo/dlx_nova_versao/comparacao/resultados/20260822_191919_2/logs/scp45_rep05_pos1_cplex.log"
"scp45","5","2","dlx","0","Optimal","512","60","0.004977881","0.000042200","0.005020081","0.004976000","0.000042000","0.005018000","0.008954048","0.00","0.00","3868","61","512.0000","","","/home/leo/novo_tcc_rian/cplex_testes_versus_meu_codigo/dlx_nova_versao/comparacao/resultados/20260822_191919_2/logs/scp45_rep05_pos2_dlx.log"
"scp46","1","1","dlx","0","Optimal","560","64","0.008579621","0.048187059","0.056766680","0.008560000","0.048190000","0.056750000","0.062331915","0.06","0.00","4028","80008","557.1532","","","/home/leo/novo_tcc_rian/cplex_testes_versus_meu_codigo/dlx_nova_versao/comparacao/resultados/20260822_191919_2/logs/scp46_rep01_pos1_dlx.log"
"scp46","1","2","cplex","0","Optimal","560","64","0.001440606","0.014612841","0.016053447","0.001441000","0.014614000","0.016055000","0.021299124","0.01","0.00","21928","0","560","0","SIM","/home/leo/novo_tcc_rian/cplex_testes_versus_meu_codigo/dlx_nova_versao/comparacao/resultados/20260822_191919_2/logs/scp46_rep01_pos2_cplex.log"
"scp46","2","1","cplex","0","Optimal","560","64","0.001648310","0.015869441","0.017517751","0.001648000","0.015872000","0.017520000","0.022737026","0.02","0.00","21080","0","560","0","SIM","/home/leo/novo_tcc_rian/cplex_testes_versus_meu_codigo/dlx_nova_versao/comparacao/resultados/20260822_191919_2/logs/scp46_rep02_pos1_cplex.log"
"scp46","2","2","dlx","0","Optimal","560","64","0.007408683","0.049782163","0.057190846","0.007407000","0.049784000","0.057191000","0.061711073","0.05","0.00","3828","80008","557.1532","","","/home/leo/novo_tcc_rian/cplex_testes_versus_meu_codigo/dlx_nova_versao/comparacao/resultados/20260822_191919_2/logs/scp46_rep02_pos2_dlx.log"
"scp46","3","1","dlx","0","Optimal","560","64","0.007658890","0.042342858","0.050001748","0.007658000","0.042335000","0.049993000","0.053952932","0.05","0.00","3892","80008","557.1532","","","/home/leo/novo_tcc_rian/cplex_testes_versus_meu_codigo/dlx_nova_versao/comparacao/resultados/20260822_191919_2/logs/scp46_rep03_pos1_dlx.log"
"scp46","3","2","cplex","0","Optimal","560","64","0.002716700","0.019542877","0.022259577","0.002717000","0.019544000","0.022261000","0.029684067","0.02","0.00","21740","0","560","0","SIM","/home/leo/novo_tcc_rian/cplex_testes_versus_meu_codigo/dlx_nova_versao/comparacao/resultados/20260822_191919_2/logs/scp46_rep03_pos2_cplex.log"
"scp46","4","1","cplex","0","Optimal","560","64","0.001638016","0.017183674","0.018821690","0.001638000","0.017186000","0.018824000","0.026571035","0.01","0.01","21488","0","560","0","SIM","/home/leo/novo_tcc_rian/cplex_testes_versus_meu_codigo/dlx_nova_versao/comparacao/resultados/20260822_191919_2/logs/scp46_rep04_pos1_cplex.log"
"scp46","4","2","dlx","0","Optimal","560","64","0.008057199","0.043042129","0.051099328","0.008054000","0.043076000","0.051130000","0.056301117","0.05","0.00","4000","80008","557.1532","","","/home/leo/novo_tcc_rian/cplex_testes_versus_meu_codigo/dlx_nova_versao/comparacao/resultados/20260822_191919_2/logs/scp46_rep04_pos2_dlx.log"
"scp46","5","1","dlx","0","Optimal","560","64","0.007807068","0.045694913","0.053501981","0.007805000","0.045698000","0.053503000","0.058210135","0.05","0.00","3828","80008","557.1532","","","/home/leo/novo_tcc_rian/cplex_testes_versus_meu_codigo/dlx_nova_versao/comparacao/resultados/20260822_191919_2/logs/scp46_rep05_pos1_dlx.log"
"scp46","5","2","cplex","0","Optimal","560","64","0.001532326","0.014119998","0.015652324","0.001532000","0.014122000","0.015654000","0.020725012","0.01","0.00","21628","0","560","0","SIM","/home/leo/novo_tcc_rian/cplex_testes_versus_meu_codigo/dlx_nova_versao/comparacao/resultados/20260822_191919_2/logs/scp46_rep05_pos2_cplex.log"
"scp47","1","1","cplex","0","Optimal","430","58","0.002210600","0.011318623","0.013529223","0.002210000","0.011320000","0.013530000","0.019894123","0.01","0.00","19876","0","430","0","SIM","/home/leo/novo_tcc_rian/cplex_testes_versus_meu_codigo/dlx_nova_versao/comparacao/resultados/20260822_191919_2/logs/scp47_rep01_pos1_cplex.log"
"scp47","1","2","dlx","0","Optimal","430","58","0.006693975","0.000045644","0.006739619","0.006692000","0.000045000","0.006737000","0.012036085","0.00","0.00","3852","59","430.0000","","","/home/leo/novo_tcc_rian/cplex_testes_versus_meu_codigo/dlx_nova_versao/comparacao/resultados/20260822_191919_2/logs/scp47_rep01_pos2_dlx.log"
"scp47","2","1","dlx","0","Optimal","430","58","0.006254668","0.000042303","0.006296971","0.006254000","0.000042000","0.006296000","0.010198832","0.00","0.00","3996","59","430.0000","","","/home/leo/novo_tcc_rian/cplex_testes_versus_meu_codigo/dlx_nova_versao/comparacao/resultados/20260822_191919_2/logs/scp47_rep02_pos1_dlx.log"
"scp47","2","2","cplex","0","Optimal","430","58","0.001501528","0.010463303","0.011964831","0.001502000","0.010464000","0.011966000","0.017237186","0.00","0.00","19264","0","430","0","SIM","/home/leo/novo_tcc_rian/cplex_testes_versus_meu_codigo/dlx_nova_versao/comparacao/resultados/20260822_191919_2/logs/scp47_rep02_pos2_cplex.log"
"scp47","3","1","cplex","0","Optimal","430","58","0.001356843","0.010037059","0.011393902","0.001356000","0.010039000","0.011395000","0.016604900","0.01","0.00","19932","0","430","0","SIM","/home/leo/novo_tcc_rian/cplex_testes_versus_meu_codigo/dlx_nova_versao/comparacao/resultados/20260822_191919_2/logs/scp47_rep03_pos1_cplex.log"
"scp47","3","2","dlx","0","Optimal","430","58","0.006228528","0.000043418","0.006271946","0.006229000","0.000043000","0.006272000","0.010324955","0.00","0.00","3792","59","430.0000","","","/home/leo/novo_tcc_rian/cplex_testes_versus_meu_codigo/dlx_nova_versao/comparacao/resultados/20260822_191919_2/logs/scp47_rep03_pos2_dlx.log"
"scp47","4","1","dlx","0","Optimal","430","58","0.006304913","0.000042501","0.006347414","0.006308000","0.000042000","0.006350000","0.010601997","0.00","0.00","3676","59","430.0000","","","/home/leo/novo_tcc_rian/cplex_testes_versus_meu_codigo/dlx_nova_versao/comparacao/resultados/20260822_191919_2/logs/scp47_rep04_pos1_dlx.log"
"scp47","4","2","cplex","0","Optimal","430","58","0.001834353","0.011461959","0.013296312","0.001834000","0.011464000","0.013298000","0.018677950","0.00","0.00","19980","0","430","0","SIM","/home/leo/novo_tcc_rian/cplex_testes_versus_meu_codigo/dlx_nova_versao/comparacao/resultados/20260822_191919_2/logs/scp47_rep04_pos2_cplex.log"
"scp47","5","1","cplex","0","Optimal","430","58","0.001621031","0.008828380","0.010449411","0.001610000","0.008830000","0.010440000","0.015858889","0.01","0.00","19952","0","430","0","SIM","/home/leo/novo_tcc_rian/cplex_testes_versus_meu_codigo/dlx_nova_versao/comparacao/resultados/20260822_191919_2/logs/scp47_rep05_pos1_cplex.log"
"scp47","5","2","dlx","0","Optimal","430","58","0.005597320","0.000039738","0.005637058","0.005561000","0.000039000","0.005600000","0.009564877","0.00","0.00","3660","59","430.0000","","","/home/leo/novo_tcc_rian/cplex_testes_versus_meu_codigo/dlx_nova_versao/comparacao/resultados/20260822_191919_2/logs/scp47_rep05_pos2_dlx.log"
"scp48","1","1","dlx","0","Optimal","492","59","0.006965592","0.018197621","0.025163213","0.006964000","0.018201000","0.025165000","0.029170990","0.02","0.00","3840","32903","488.3863","","","/home/leo/novo_tcc_rian/cplex_testes_versus_meu_codigo/dlx_nova_versao/comparacao/resultados/20260822_191919_2/logs/scp48_rep01_pos1_dlx.log"
"scp48","1","2","cplex","0","Optimal","492","59","0.002051546","0.024839785","0.026891331","0.002044000","0.024841000","0.026885000","0.033285141","0.02","0.00","21084","0","492","0","SIM","/home/leo/novo_tcc_rian/cplex_testes_versus_meu_codigo/dlx_nova_versao/comparacao/resultados/20260822_191919_2/logs/scp48_rep01_pos2_cplex.log"
"scp48","2","1","cplex","0","Optimal","492","59","0.001666119","0.022661268","0.024327387","0.001666000","0.022664000","0.024330000","0.030085802","0.02","0.00","21268","0","492","0","SIM","/home/leo/novo_tcc_rian/cplex_testes_versus_meu_codigo/dlx_nova_versao/comparacao/resultados/20260822_191919_2/logs/scp48_rep02_pos1_cplex.log"
"scp48","2","2","dlx","0","Optimal","492","59","0.007091397","0.015067348","0.022158745","0.007093000","0.015073000","0.022166000","0.027468920","0.02","0.00","3828","32903","488.3863","","","/home/leo/novo_tcc_rian/cplex_testes_versus_meu_codigo/dlx_nova_versao/comparacao/resultados/20260822_191919_2/logs/scp48_rep02_pos2_dlx.log"
"scp48","3","1","dlx","0","Optimal","492","59","0.006680851","0.018419392","0.025100243","0.006682000","0.018425000","0.025107000","0.029278994","0.02","0.00","3676","32903","488.3863","","","/home/leo/novo_tcc_rian/cplex_testes_versus_meu_codigo/dlx_nova_versao/comparacao/resultados/20260822_191919_2/logs/scp48_rep03_pos1_dlx.log"
"scp48","3","2","cplex","0","Optimal","492","59","0.002317904","0.023481497","0.025799401","0.002317000","0.023484000","0.025801000","0.032778978","0.02","0.00","21628","0","492","0","SIM","/home/leo/novo_tcc_rian/cplex_testes_versus_meu_codigo/dlx_nova_versao/comparacao/resultados/20260822_191919_2/logs/scp48_rep03_pos2_cplex.log"
"scp48","4","1","cplex","0","Optimal","492","59","0.001300726","0.022536237","0.023836963","0.001300000","0.022539000","0.023839000","0.029152870","0.02","0.00","21676","0","492","0","SIM","/home/leo/novo_tcc_rian/cplex_testes_versus_meu_codigo/dlx_nova_versao/comparacao/resultados/20260822_191919_2/logs/scp48_rep04_pos1_cplex.log"
"scp48","4","2","dlx","0","Optimal","492","59","0.007405247","0.018492726","0.025897973","0.007405000","0.018496000","0.025901000","0.030632019","0.02","0.00","4000","32903","488.3863","","","/home/leo/novo_tcc_rian/cplex_testes_versus_meu_codigo/dlx_nova_versao/comparacao/resultados/20260822_191919_2/logs/scp48_rep04_pos2_dlx.log"
"scp48","5","1","dlx","0","Optimal","492","59","0.007863113","0.019686576","0.027549689","0.007864000","0.019689000","0.027553000","0.032154799","0.03","0.00","3792","32903","488.3863","","","/home/leo/novo_tcc_rian/cplex_testes_versus_meu_codigo/dlx_nova_versao/comparacao/resultados/20260822_191919_2/logs/scp48_rep05_pos1_dlx.log"
"scp48","5","2","cplex","0","Optimal","492","59","0.001749651","0.023396735","0.025146386","0.001750000","0.023399000","0.025149000","0.030671835","0.02","0.00","21688","0","492","0","SIM","/home/leo/novo_tcc_rian/cplex_testes_versus_meu_codigo/dlx_nova_versao/comparacao/resultados/20260822_191919_2/logs/scp48_rep05_pos2_cplex.log"
"scp49","1","1","cplex","0","Optimal","641","61","0.001541523","0.021154161","0.022695684","0.001542000","0.021156000","0.022698000","0.028223038","0.01","0.00","21300","0","641","0","SIM","/home/leo/novo_tcc_rian/cplex_testes_versus_meu_codigo/dlx_nova_versao/comparacao/resultados/20260822_191919_2/logs/scp49_rep01_pos1_cplex.log"
"scp49","1","2","dlx","0","Optimal","641","61","0.007053852","0.108326475","0.115380327","0.007052000","0.108318000","0.115370000","0.120832205","0.11","0.00","3828","156430","638.2731","","","/home/leo/novo_tcc_rian/cplex_testes_versus_meu_codigo/dlx_nova_versao/comparacao/resultados/20260822_191919_2/logs/scp49_rep01_pos2_dlx.log"
"scp49","2","1","dlx","0","Optimal","641","61","0.008379711","0.128926117","0.137305828","0.008379000","0.128945000","0.137324000","0.142305851","0.13","0.00","3988","156430","638.2731","","","/home/leo/novo_tcc_rian/cplex_testes_versus_meu_codigo/dlx_nova_versao/comparacao/resultados/20260822_191919_2/logs/scp49_rep02_pos1_dlx.log"
"scp49","2","2","cplex","0","Optimal","641","61","0.001601620","0.026527464","0.028129084","0.001601000","0.026529000","0.028130000","0.034267902","0.02","0.00","21264","0","641","0","SIM","/home/leo/novo_tcc_rian/cplex_testes_versus_meu_codigo/dlx_nova_versao/comparacao/resultados/20260822_191919_2/logs/scp49_rep02_pos2_cplex.log"
"scp49","3","1","cplex","0","Optimal","641","61","0.001378893","0.021120840","0.022499733","0.001378000","0.021124000","0.022502000","0.027847052","0.02","0.00","21412","0","641","0","SIM","/home/leo/novo_tcc_rian/cplex_testes_versus_meu_codigo/dlx_nova_versao/comparacao/resultados/20260822_191919_2/logs/scp49_rep03_pos1_cplex.log"
"scp49","3","2","dlx","0","Optimal","641","61","0.009363592","0.136441799","0.145805391","0.009362000","0.136444000","0.145806000","0.151156902","0.14","0.00","3916","156430","638.2731","","","/home/leo/novo_tcc_rian/cplex_testes_versus_meu_codigo/dlx_nova_versao/comparacao/resultados/20260822_191919_2/logs/scp49_rep03_pos2_dlx.log"
"scp49","4","1","dlx","0","Optimal","641","61","0.011272728","0.104548747","0.115821475","0.011273000","0.104546000","0.115819000","0.121665955","0.11","0.00","3916","156430","638.2731","","","/home/leo/novo_tcc_rian/cplex_testes_versus_meu_codigo/dlx_nova_versao/comparacao/resultados/20260822_191919_2/logs/scp49_rep04_pos1_dlx.log"
"scp49","4","2","cplex","0","Optimal","641","61","0.002399026","0.027667648","0.030066674","0.002398000","0.027670000","0.030068000","0.036834002","0.02","0.00","21672","0","641","0","SIM","/home/leo/novo_tcc_rian/cplex_testes_versus_meu_codigo/dlx_nova_versao/comparacao/resultados/20260822_191919_2/logs/scp49_rep04_pos2_cplex.log"
"scp49","5","1","cplex","0","Optimal","641","61","0.002297261","0.023331062","0.025628323","0.002297000","0.023333000","0.025630000","0.032672882","0.03","0.00","21356","0","641","0","SIM","/home/leo/novo_tcc_rian/cplex_testes_versus_meu_codigo/dlx_nova_versao/comparacao/resultados/20260822_191919_2/logs/scp49_rep05_pos1_cplex.log"
"scp49","5","2","dlx","0","Optimal","641","61","0.007602401","0.103088325","0.110690726","0.007602000","0.103092000","0.110694000","0.115487814","0.10","0.00","3784","156430","638.2731","","","/home/leo/novo_tcc_rian/cplex_testes_versus_meu_codigo/dlx_nova_versao/comparacao/resultados/20260822_191919_2/logs/scp49_rep05_pos2_dlx.log"
"scp51","1","1","dlx","0","Optimal","253","62","0.017427727","1.130444712","1.147872439","0.017426000","1.130409000","1.147835000","1.152621984","1.15","0.00","4148","1148872","251.2054","","","/home/leo/novo_tcc_rian/cplex_testes_versus_meu_codigo/dlx_nova_versao/comparacao/resultados/20260822_191919_2/logs/scp51_rep01_pos1_dlx.log"
"scp51","1","2","cplex","0","Optimal","253","62","0.003484494","0.048349109","0.051833603","0.003485000","0.048351000","0.051836000","0.060578108","0.05","0.00","23900","0","253","0","SIM","/home/leo/novo_tcc_rian/cplex_testes_versus_meu_codigo/dlx_nova_versao/comparacao/resultados/20260822_191919_2/logs/scp51_rep01_pos2_cplex.log"
"scp51","2","1","cplex","0","Optimal","253","62","0.002153884","0.046089485","0.048243369","0.002154000","0.046092000","0.048246000","0.054986000","0.04","0.00","24164","0","253","0","SIM","/home/leo/novo_tcc_rian/cplex_testes_versus_meu_codigo/dlx_nova_versao/comparacao/resultados/20260822_191919_2/logs/scp51_rep02_pos1_cplex.log"
"scp51","2","2","dlx","0","Optimal","253","62","0.034062331","1.096959747","1.131022078","0.034063000","1.096928000","1.130991000","1.135535002","1.13","0.00","4360","1148872","251.2054","","","/home/leo/novo_tcc_rian/cplex_testes_versus_meu_codigo/dlx_nova_versao/comparacao/resultados/20260822_191919_2/logs/scp51_rep02_pos2_dlx.log"
"scp51","3","1","dlx","0","Optimal","253","62","0.020057073","1.162365766","1.182422839","0.020056000","1.162223000","1.182279000","1.186717033","1.18","0.00","4244","1148872","251.2054","","","/home/leo/novo_tcc_rian/cplex_testes_versus_meu_codigo/dlx_nova_versao/comparacao/resultados/20260822_191919_2/logs/scp51_rep03_pos1_dlx.log"
"scp51","3","2","cplex","0","Optimal","253","62","0.003492417","0.036048448","0.039540865","0.003492000","0.036051000","0.039543000","0.045264006","0.03","0.00","23848","0","253","0","SIM","/home/leo/novo_tcc_rian/cplex_testes_versus_meu_codigo/dlx_nova_versao/comparacao/resultados/20260822_191919_2/logs/scp51_rep03_pos2_cplex.log"
"scp51","4","1","cplex","0","Optimal","253","62","0.003153747","0.035003429","0.038157176","0.003154000","0.035005000","0.038159000","0.044408083","0.04","0.00","24236","0","253","0","SIM","/home/leo/novo_tcc_rian/cplex_testes_versus_meu_codigo/dlx_nova_versao/comparacao/resultados/20260822_191919_2/logs/scp51_rep04_pos1_cplex.log"
"scp51","4","2","dlx","0","Optimal","253","62","0.017229889","1.129849604","1.147079493","0.017229000","1.129795000","1.147024000","1.154073954","1.15","0.00","4136","1148872","251.2054","","","/home/leo/novo_tcc_rian/cplex_testes_versus_meu_codigo/dlx_nova_versao/comparacao/resultados/20260822_191919_2/logs/scp51_rep04_pos2_dlx.log"
"scp51","5","1","dlx","0","Optimal","253","62","0.020722824","1.125846066","1.146568890","0.020723000","1.125820000","1.146543000","1.152606010","1.14","0.00","4256","1148872","251.2054","","","/home/leo/novo_tcc_rian/cplex_testes_versus_meu_codigo/dlx_nova_versao/comparacao/resultados/20260822_191919_2/logs/scp51_rep05_pos1_dlx.log"
"scp51","5","2","cplex","0","Optimal","253","62","0.002616709","0.039031931","0.041648640","0.002616000","0.038983000","0.041599000","0.047722101","0.03","0.00","23936","0","253","0","SIM","/home/leo/novo_tcc_rian/cplex_testes_versus_meu_codigo/dlx_nova_versao/comparacao/resultados/20260822_191919_2/logs/scp51_rep05_pos2_cplex.log"
"scp52","1","1","cplex","0","Optimal","302","58","0.002045452","0.064596097","0.066641549","0.002045000","0.064598000","0.066643000","0.073331118","0.06","0.00","24140","0","302","0","SIM","/home/leo/novo_tcc_rian/cplex_testes_versus_meu_codigo/dlx_nova_versao/comparacao/resultados/20260822_191919_2/logs/scp52_rep01_pos1_cplex.log"
"scp52","1","2","dlx","0","Optimal","302","58","0.025087162","1.323625641","1.348712803","0.025085000","1.323564000","1.348649000","1.354689837","1.35","0.00","4084","1112511","299.6628","","","/home/leo/novo_tcc_rian/cplex_testes_versus_meu_codigo/dlx_nova_versao/comparacao/resultados/20260822_191919_2/logs/scp52_rep01_pos2_dlx.log"
"scp52","2","1","dlx","0","Optimal","302","58","0.018034790","1.326607656","1.344642446","0.017936000","1.326231000","1.344167000","1.349288940","1.34","0.00","4256","1112511","299.6628","","","/home/leo/novo_tcc_rian/cplex_testes_versus_meu_codigo/dlx_nova_versao/comparacao/resultados/20260822_191919_2/logs/scp52_rep02_pos1_dlx.log"
"scp52","2","2","cplex","0","Optimal","302","58","0.004632581","0.067923415","0.072555996","0.004633000","0.067918000","0.072551000","0.080358028","0.07","0.00","24588","0","302","0","SIM","/home/leo/novo_tcc_rian/cplex_testes_versus_meu_codigo/dlx_nova_versao/comparacao/resultados/20260822_191919_2/logs/scp52_rep02_pos2_cplex.log"
"scp52","3","1","cplex","0","Optimal","302","58","0.002917913","0.063728557","0.066646470","0.002918000","0.063731000","0.066649000","0.074433804","0.06","0.00","24576","0","302","0","SIM","/home/leo/novo_tcc_rian/cplex_testes_versus_meu_codigo/dlx_nova_versao/comparacao/resultados/20260822_191919_2/logs/scp52_rep03_pos1_cplex.log"
"scp52","3","2","dlx","0","Optimal","302","58","0.020353996","1.287267977","1.307621973","0.020362000","1.287215000","1.307577000","1.312325001","1.30","0.00","4084","1112511","299.6628","","","/home/leo/novo_tcc_rian/cplex_testes_versus_meu_codigo/dlx_nova_versao/comparacao/resultados/20260822_191919_2/logs/scp52_rep03_pos2_dlx.log"
"scp52","4","1","dlx","0","Optimal","302","58","0.018658066","1.425529881","1.444187947","0.018658000","1.425398000","1.444056000","1.449316978","1.44","0.00","4284","1112511","299.6628","","","/home/leo/novo_tcc_rian/cplex_testes_versus_meu_codigo/dlx_nova_versao/comparacao/resultados/20260822_191919_2/logs/scp52_rep04_pos1_dlx.log"
"scp52","4","2","cplex","0","Optimal","302","58","0.002273718","0.061963019","0.064236737","0.002270000","0.061965000","0.064235000","0.072017193","0.06","0.00","24604","0","302","0","SIM","/home/leo/novo_tcc_rian/cplex_testes_versus_meu_codigo/dlx_nova_versao/comparacao/resultados/20260822_191919_2/logs/scp52_rep04_pos2_cplex.log"
"scp52","5","1","cplex","0","Optimal","302","58","0.002133278","0.056697887","0.058831165","0.002133000","0.056700000","0.058833000","0.065426111","0.06","0.00","24436","0","302","0","SIM","/home/leo/novo_tcc_rian/cplex_testes_versus_meu_codigo/dlx_nova_versao/comparacao/resultados/20260822_191919_2/logs/scp52_rep05_pos1_cplex.log"
"scp52","5","2","dlx","0","Optimal","302","58","0.019530919","1.307272234","1.326803153","0.019530000","1.307005000","1.326535000","1.332201958","1.33","0.00","4136","1112511","299.6628","","","/home/leo/novo_tcc_rian/cplex_testes_versus_meu_codigo/dlx_nova_versao/comparacao/resultados/20260822_191919_2/logs/scp52_rep05_pos2_dlx.log"
"scp53","1","1","dlx","0","Optimal","226","55","0.012698126","0.000047671","0.012745797","0.012697000","0.000048000","0.012745000","0.017153025","0.01","0.00","4124","56","226.0000","","","/home/leo/novo_tcc_rian/cplex_testes_versus_meu_codigo/dlx_nova_versao/comparacao/resultados/20260822_191919_2/logs/scp53_rep01_pos1_dlx.log"
"scp53","1","2","cplex","0","Optimal","226","56","0.002718129","0.017214754","0.019932883","0.002717000","0.017217000","0.019934000","0.027812004","0.01","0.01","21636","0","226","0","SIM","/home/leo/novo_tcc_rian/cplex_testes_versus_meu_codigo/dlx_nova_versao/comparacao/resultados/20260822_191919_2/logs/scp53_rep01_pos2_cplex.log"
"scp53","2","1","cplex","0","Optimal","226","56","0.002187159","0.018939344","0.021126503","0.002186000","0.018941000","0.021127000","0.026955843","0.02","0.00","21628","0","226","0","SIM","/home/leo/novo_tcc_rian/cplex_testes_versus_meu_codigo/dlx_nova_versao/comparacao/resultados/20260822_191919_2/logs/scp53_rep02_pos1_cplex.log"
"scp53","2","2","dlx","0","Optimal","226","55","0.016180764","0.000065639","0.016246403","0.016181000","0.000066000","0.016247000","0.020611048","0.01","0.00","4140","56","226.0000","","","/home/leo/novo_tcc_rian/cplex_testes_versus_meu_codigo/dlx_nova_versao/comparacao/resultados/20260822_191919_2/logs/scp53_rep02_pos2_dlx.log"
"scp53","3","1","dlx","0","Optimal","226","55","0.027315675","0.000050305","0.027365980","0.027316000","0.000051000","0.027367000","0.031815052","0.02","0.00","4048","56","226.0000","","","/home/leo/novo_tcc_rian/cplex_testes_versus_meu_codigo/dlx_nova_versao/comparacao/resultados/20260822_191919_2/logs/scp53_rep03_pos1_dlx.log"
"scp53","3","2","cplex","0","Optimal","226","56","0.002143116","0.031210832","0.033353948","0.002143000","0.031207000","0.033350000","0.040192842","0.02","0.00","21224","0","226","0","SIM","/home/leo/novo_tcc_rian/cplex_testes_versus_meu_codigo/dlx_nova_versao/comparacao/resultados/20260822_191919_2/logs/scp53_rep03_pos2_cplex.log"
"scp53","4","1","cplex","0","Optimal","226","56","0.003828643","0.021957085","0.025785728","0.003830000","0.021959000","0.025789000","0.033310890","0.02","0.00","21212","0","226","0","SIM","/home/leo/novo_tcc_rian/cplex_testes_versus_meu_codigo/dlx_nova_versao/comparacao/resultados/20260822_191919_2/logs/scp53_rep04_pos1_cplex.log"
"scp53","4","2","dlx","0","Optimal","226","55","0.020618225","0.000065249","0.020683474","0.020617000","0.000065000","0.020682000","0.026380062","0.02","0.00","4136","56","226.0000","","","/home/leo/novo_tcc_rian/cplex_testes_versus_meu_codigo/dlx_nova_versao/comparacao/resultados/20260822_191919_2/logs/scp53_rep04_pos2_dlx.log"
"scp53","5","1","dlx","0","Optimal","226","55","0.013341520","0.000051909","0.013393429","0.013328000","0.000052000","0.013380000","0.018528938","0.01","0.00","4244","56","226.0000","","","/home/leo/novo_tcc_rian/cplex_testes_versus_meu_codigo/dlx_nova_versao/comparacao/resultados/20260822_191919_2/logs/scp53_rep05_pos1_dlx.log"
"scp53","5","2","cplex","0","Optimal","226","56","0.015913069","0.016765916","0.032678985","0.015913000","0.016768000","0.032681000","0.039519072","0.02","0.01","20796","0","226","0","SIM","/home/leo/novo_tcc_rian/cplex_testes_versus_meu_codigo/dlx_nova_versao/comparacao/resultados/20260822_191919_2/logs/scp53_rep05_pos2_cplex.log"
"scp54","1","1","cplex","0","Optimal","242","66","0.002377229","0.024878231","0.027255460","0.002377000","0.024880000","0.027257000","0.033507109","0.02","0.00","23848","0","242","0","SIM","/home/leo/novo_tcc_rian/cplex_testes_versus_meu_codigo/dlx_nova_versao/comparacao/resultados/20260822_191919_2/logs/scp54_rep01_pos1_cplex.log"
"scp54","1","2","dlx","0","Optimal","242","66","0.017912390","0.023146428","0.041058818","0.017912000","0.023149000","0.041061000","0.047535896","0.04","0.00","4256","27450","240.5000","","","/home/leo/novo_tcc_rian/cplex_testes_versus_meu_codigo/dlx_nova_versao/comparacao/resultados/20260822_191919_2/logs/scp54_rep01_pos2_dlx.log"
"scp54","2","1","dlx","0","Optimal","242","66","0.013131553","0.020864884","0.033996437","0.013130000","0.020868000","0.033998000","0.039798021","0.03","0.00","4084","27450","240.5000","","","/home/leo/novo_tcc_rian/cplex_testes_versus_meu_codigo/dlx_nova_versao/comparacao/resultados/20260822_191919_2/logs/scp54_rep02_pos1_dlx.log"
"scp54","2","2","cplex","0","Optimal","242","66","0.002626286","0.026712405","0.029338691","0.002626000","0.026714000","0.029340000","0.035719872","0.02","0.00","23808","0","242","0","SIM","/home/leo/novo_tcc_rian/cplex_testes_versus_meu_codigo/dlx_nova_versao/comparacao/resultados/20260822_191919_2/logs/scp54_rep02_pos2_cplex.log"
"scp54","3","1","cplex","0","Optimal","242","66","0.004753970","0.050502986","0.055256956","0.004754000","0.050505000","0.055259000","0.063325882","0.04","0.01","23528","0","242","0","SIM","/home/leo/novo_tcc_rian/cplex_testes_versus_meu_codigo/dlx_nova_versao/comparacao/resultados/20260822_191919_2/logs/scp54_rep03_pos1_cplex.log"
"scp54","3","2","dlx","0","Optimal","242","66","0.040118317","0.032126054","0.072244371","0.040117000","0.032130000","0.072247000","0.086575031","0.07","0.00","4108","27450","240.5000","","","/home/leo/novo_tcc_rian/cplex_testes_versus_meu_codigo/dlx_nova_versao/comparacao/resultados/20260822_191919_2/logs/scp54_rep03_pos2_dlx.log"
"scp54","4","1","dlx","0","Optimal","242","66","0.016971071","0.023306633","0.040277704","0.016972000","0.023309000","0.040281000","0.045590878","0.04","0.00","3932","27450","240.5000","","","/home/leo/novo_tcc_rian/cplex_testes_versus_meu_codigo/dlx_nova_versao/comparacao/resultados/20260822_191919_2/logs/scp54_rep04_pos1_dlx.log"
"scp54","4","2","cplex","0","Optimal","242","66","0.003960021","0.033046794","0.037006815","0.003960000","0.033048000","0.037008000","0.044196129","0.03","0.00","23604","0","242","0","SIM","/home/leo/novo_tcc_rian/cplex_testes_versus_meu_codigo/dlx_nova_versao/comparacao/resultados/20260822_191919_2/logs/scp54_rep04_pos2_cplex.log"
"scp54","5","1","cplex","0","Optimal","242","66","0.004278380","0.033755281","0.038033661","0.004278000","0.033757000","0.038035000","0.047230959","0.03","0.00","23924","0","242","0","SIM","/home/leo/novo_tcc_rian/cplex_testes_versus_meu_codigo/dlx_nova_versao/comparacao/resultados/20260822_191919_2/logs/scp54_rep05_pos1_cplex.log"
"scp54","5","2","dlx","0","Optimal","242","66","0.013105580","0.022122721","0.035228301","0.013104000","0.022128000","0.035232000","0.040683985","0.03","0.00","4148","27450","240.5000","","","/home/leo/novo_tcc_rian/cplex_testes_versus_meu_codigo/dlx_nova_versao/comparacao/resultados/20260822_191919_2/logs/scp54_rep05_pos2_dlx.log"
"scp55","1","1","dlx","0","Optimal","211","60","0.020163700","0.000055832","0.020219532","0.020173000","0.000054000","0.020227000","0.026148081","0.01","0.00","4108","61","211.0000","","","/home/leo/novo_tcc_rian/cplex_testes_versus_meu_codigo/dlx_nova_versao/comparacao/resultados/20260822_191919_2/logs/scp55_rep01_pos1_dlx.log"
"scp55","1","2","cplex","0","Optimal","211","60","0.002345311","0.031882412","0.034227723","0.002345000","0.031885000","0.034230000","0.040780067","0.03","0.00","26204","0","211","0","SIM","/home/leo/novo_tcc_rian/cplex_testes_versus_meu_codigo/dlx_nova_versao/comparacao/resultados/20260822_191919_2/logs/scp55_rep01_pos2_cplex.log"
"scp55","2","1","cplex","0","Optimal","211","60","0.003170644","0.040286926","0.043457570","0.003171000","0.040290000","0.043461000","0.054563999","0.04","0.01","26280","0","211","0","SIM","/home/leo/novo_tcc_rian/cplex_testes_versus_meu_codigo/dlx_nova_versao/comparacao/resultados/20260822_191919_2/logs/scp55_rep02_pos1_cplex.log"
"scp55","2","2","dlx","0","Optimal","211","60","0.027141305","0.000052865","0.027194170","0.026809000","0.000053000","0.026862000","0.033419132","0.02","0.00","4096","61","211.0000","","","/home/leo/novo_tcc_rian/cplex_testes_versus_meu_codigo/dlx_nova_versao/comparacao/resultados/20260822_191919_2/logs/scp55_rep02_pos2_dlx.log"
"scp55","3","1","dlx","0","Optimal","211","60","0.022101086","0.000039304","0.022140390","0.022101000","0.000039000","0.022140000","0.027526855","0.02","0.00","4124","61","211.0000","","","/home/leo/novo_tcc_rian/cplex_testes_versus_meu_codigo/dlx_nova_versao/comparacao/resultados/20260822_191919_2/logs/scp55_rep03_pos1_dlx.log"
"scp55","3","2","cplex","0","Optimal","211","60","0.007006865","0.038155517","0.045162382","0.002622000","0.034113000","0.036735000","0.054054976","0.04","0.00","25832","0","211","0","SIM","/home/leo/novo_tcc_rian/cplex_testes_versus_meu_codigo/dlx_nova_versao/comparacao/resultados/20260822_191919_2/logs/scp55_rep03_pos2_cplex.log"
"scp55","4","1","cplex","0","Optimal","211","60","0.015138357","0.056606932","0.071745289","0.005963000","0.052782000","0.058745000","0.087579012","0.03","0.02","26108","0","211","0","SIM","/home/leo/novo_tcc_rian/cplex_testes_versus_meu_codigo/dlx_nova_versao/comparacao/resultados/20260822_191919_2/logs/scp55_rep04_pos1_cplex.log"
"scp55","4","2","dlx","0","Optimal","211","60","0.051229558","0.000052276","0.051281834","0.041890000","0.000052000","0.041942000","0.058816910","0.04","0.00","4284","61","211.0000","","","/home/leo/novo_tcc_rian/cplex_testes_versus_meu_codigo/dlx_nova_versao/comparacao/resultados/20260822_191919_2/logs/scp55_rep04_pos2_dlx.log"
"scp55","5","1","dlx","0","Optimal","211","60","0.026541088","0.000045699","0.026586787","0.026539000","0.000045000","0.026584000","0.032438040","0.02","0.00","4124","61","211.0000","","","/home/leo/novo_tcc_rian/cplex_testes_versus_meu_codigo/dlx_nova_versao/comparacao/resultados/20260822_191919_2/logs/scp55_rep05_pos1_dlx.log"
"scp55","5","2","cplex","0","Optimal","211","60","0.003259440","0.028784769","0.032044209","0.003255000","0.028787000","0.032042000","0.039699078","0.03","0.00","26012","0","211","0","SIM","/home/leo/novo_tcc_rian/cplex_testes_versus_meu_codigo/dlx_nova_versao/comparacao/resultados/20260822_191919_2/logs/scp55_rep05_pos2_cplex.log"
"scp56","1","1","cplex","0","Optimal","213","58","0.002178593","0.019549886","0.021728479","0.002177000","0.019552000","0.021729000","0.027407885","0.02","0.00","22520","0","213","0","SIM","/home/leo/novo_tcc_rian/cplex_testes_versus_meu_codigo/dlx_nova_versao/comparacao/resultados/20260822_191919_2/logs/scp56_rep01_pos1_cplex.log"
"scp56","1","2","dlx","0","Optimal","213","58","0.015737336","0.000067253","0.015804589","0.015738000","0.000067000","0.015805000","0.022486925","0.01","0.00","4108","59","212.5000","","","/home/leo/novo_tcc_rian/cplex_testes_versus_meu_codigo/dlx_nova_versao/comparacao/resultados/20260822_191919_2/logs/scp56_rep01_pos2_dlx.log"
"scp56","2","1","dlx","0","Optimal","213","58","0.032347108","0.000058057","0.032405165","0.032346000","0.000057000","0.032403000","0.037935972","0.03","0.00","4084","59","212.5000","","","/home/leo/novo_tcc_rian/cplex_testes_versus_meu_codigo/dlx_nova_versao/comparacao/resultados/20260822_191919_2/logs/scp56_rep02_pos1_dlx.log"
"scp56","2","2","cplex","0","Optimal","213","58","0.004171800","0.028295034","0.032466834","0.004170000","0.028296000","0.032466000","0.040738106","0.02","0.01","22168","0","213","0","SIM","/home/leo/novo_tcc_rian/cplex_testes_versus_meu_codigo/dlx_nova_versao/comparacao/resultados/20260822_191919_2/logs/scp56_rep02_pos2_cplex.log"
"scp56","3","1","cplex","0","Optimal","213","58","0.002087530","0.017245751","0.019333281","0.002087000","0.017247000","0.019334000","0.024783850","0.01","0.00","22124","0","213","0","SIM","/home/leo/novo_tcc_rian/cplex_testes_versus_meu_codigo/dlx_nova_versao/comparacao/resultados/20260822_191919_2/logs/scp56_rep03_pos1_cplex.log"
"scp56","3","2","dlx","0","Optimal","213","58","0.015464182","0.000062622","0.015526804","0.015464000","0.000063000","0.015527000","0.020447016","0.01","0.00","4280","59","212.5000","","","/home/leo/novo_tcc_rian/cplex_testes_versus_meu_codigo/dlx_nova_versao/comparacao/resultados/20260822_191919_2/logs/scp56_rep03_pos2_dlx.log"
"scp56","4","1","dlx","0","Optimal","213","58","0.014768422","0.000056166","0.014824588","0.014769000","0.000056000","0.014825000","0.019466877","0.01","0.00","4208","59","212.5000","","","/home/leo/novo_tcc_rian/cplex_testes_versus_meu_codigo/dlx_nova_versao/comparacao/resultados/20260822_191919_2/logs/scp56_rep04_pos1_dlx.log"
"scp56","4","2","cplex","0","Optimal","213","58","0.002682707","0.019375052","0.022057759","0.002680000","0.019377000","0.022057000","0.028823853","0.01","0.00","22144","0","213","0","SIM","/home/leo/novo_tcc_rian/cplex_testes_versus_meu_codigo/dlx_nova_versao/comparacao/resultados/20260822_191919_2/logs/scp56_rep04_pos2_cplex.log"
"scp56","5","1","cplex","0","Optimal","213","58","0.004069741","0.027516846","0.031586587","0.004070000","0.027519000","0.031589000","0.039691925","0.03","0.00","22500","0","213","0","SIM","/home/leo/novo_tcc_rian/cplex_testes_versus_meu_codigo/dlx_nova_versao/comparacao/resultados/20260822_191919_2/logs/scp56_rep05_pos1_cplex.log"
"scp56","5","2","dlx","0","Optimal","213","58","0.013550214","0.000054691","0.013604905","0.013550000","0.000054000","0.013604000","0.017773867","0.01","0.00","4136","59","212.5000","","","/home/leo/novo_tcc_rian/cplex_testes_versus_meu_codigo/dlx_nova_versao/comparacao/resultados/20260822_191919_2/logs/scp56_rep05_pos2_dlx.log"
"scp57","1","1","dlx","0","Optimal","293","64","0.015647810","0.005072782","0.020720592","0.015647000","0.005073000","0.020720000","0.025115013","0.02","0.00","4256","7826","291.7504","","","/home/leo/novo_tcc_rian/cplex_testes_versus_meu_codigo/dlx_nova_versao/comparacao/resultados/20260822_191919_2/logs/scp57_rep01_pos1_dlx.log"
"scp57","1","2","cplex","0","Optimal","293","64","0.003069719","0.024914404","0.027984123","0.003070000","0.024917000","0.027987000","0.033592939","0.03","0.00","24268","0","293","0","SIM","/home/leo/novo_tcc_rian/cplex_testes_versus_meu_codigo/dlx_nova_versao/comparacao/resultados/20260822_191919_2/logs/scp57_rep01_pos2_cplex.log"
"scp57","2","1","cplex","0","Optimal","293","64","0.002143212","0.029467219","0.031610431","0.002143000","0.029460000","0.031603000","0.037595034","0.03","0.00","23552","0","293","0","SIM","/home/leo/novo_tcc_rian/cplex_testes_versus_meu_codigo/dlx_nova_versao/comparacao/resultados/20260822_191919_2/logs/scp57_rep02_pos1_cplex.log"
"scp57","2","2","dlx","0","Optimal","293","64","0.017988015","0.005347411","0.023335426","0.017987000","0.005355000","0.023342000","0.028206825","0.02","0.00","4148","7826","291.7504","","","/home/leo/novo_tcc_rian/cplex_testes_versus_meu_codigo/dlx_nova_versao/comparacao/resultados/20260822_191919_2/logs/scp57_rep02_pos2_dlx.log"
"scp57","3","1","dlx","0","Optimal","293","64","0.016272303","0.004472902","0.020745205","0.016271000","0.004473000","0.020744000","0.035742998","0.02","0.00","4148","7826","291.7504","","","/home/leo/novo_tcc_rian/cplex_testes_versus_meu_codigo/dlx_nova_versao/comparacao/resultados/20260822_191919_2/logs/scp57_rep03_pos1_dlx.log"
"scp57","3","2","cplex","0","Optimal","293","64","0.003673585","0.031030919","0.034704504","0.003674000","0.031033000","0.034707000","0.041883945","0.02","0.01","23756","0","293","0","SIM","/home/leo/novo_tcc_rian/cplex_testes_versus_meu_codigo/dlx_nova_versao/comparacao/resultados/20260822_191919_2/logs/scp57_rep03_pos2_cplex.log"
"scp57","4","1","cplex","0","Optimal","293","64","0.002149401","0.032322693","0.034472094","0.002149000","0.032325000","0.034474000","0.040699959","0.03","0.00","23800","0","293","0","SIM","/home/leo/novo_tcc_rian/cplex_testes_versus_meu_codigo/dlx_nova_versao/comparacao/resultados/20260822_191919_2/logs/scp57_rep04_pos1_cplex.log"
"scp57","4","2","dlx","0","Optimal","293","64","0.015798977","0.005095936","0.020894913","0.015799000","0.005096000","0.020895000","0.025995970","0.02","0.00","4208","7826","291.7504","","","/home/leo/novo_tcc_rian/cplex_testes_versus_meu_codigo/dlx_nova_versao/comparacao/resultados/20260822_191919_2/logs/scp57_rep04_pos2_dlx.log"
"scp57","5","1","dlx","0","Optimal","293","64","0.015759847","0.005291845","0.021051692","0.015772000","0.005293000","0.021065000","0.026268005","0.02","0.00","4128","7826","291.7504","","","/home/leo/novo_tcc_rian/cplex_testes_versus_meu_codigo/dlx_nova_versao/comparacao/resultados/20260822_191919_2/logs/scp57_rep05_pos1_dlx.log"
"scp57","5","2","cplex","0","Optimal","293","64","0.004522479","0.033279336","0.037801815","0.004523000","0.033281000","0.037804000","0.045846939","0.02","0.01","24008","0","293","0","SIM","/home/leo/novo_tcc_rian/cplex_testes_versus_meu_codigo/dlx_nova_versao/comparacao/resultados/20260822_191919_2/logs/scp57_rep05_pos2_cplex.log"
"scp58","1","1","cplex","0","Optimal","288","62","0.002103805","0.031149654","0.033253459","0.002104000","0.031152000","0.033256000","0.038883924","0.03","0.00","22888","0","288","0","SIM","/home/leo/novo_tcc_rian/cplex_testes_versus_meu_codigo/dlx_nova_versao/comparacao/resultados/20260822_191919_2/logs/scp58_rep01_pos1_cplex.log"
"scp58","1","2","dlx","0","Optimal","288","61","0.015701862","0.104955485","0.120657347","0.015701000","0.104959000","0.120660000","0.125926971","0.12","0.00","4256","103301","286.8543","","","/home/leo/novo_tcc_rian/cplex_testes_versus_meu_codigo/dlx_nova_versao/comparacao/resultados/20260822_191919_2/logs/scp58_rep01_pos2_dlx.log"
"scp58","2","1","dlx","0","Optimal","288","61","0.021173779","0.115595381","0.136769160","0.021171000","0.115586000","0.136757000","0.142719030","0.13","0.00","4084","103301","286.8543","","","/home/leo/novo_tcc_rian/cplex_testes_versus_meu_codigo/dlx_nova_versao/comparacao/resultados/20260822_191919_2/logs/scp58_rep02_pos1_dlx.log"
"scp58","2","2","cplex","0","Optimal","288","62","0.002621156","0.028383617","0.031004773","0.002621000","0.028367000","0.030988000","0.038968086","0.02","0.01","22460","0","288","0","SIM","/home/leo/novo_tcc_rian/cplex_testes_versus_meu_codigo/dlx_nova_versao/comparacao/resultados/20260822_191919_2/logs/scp58_rep02_pos2_cplex.log"
"scp58","3","1","cplex","0","Optimal","288","62","0.003721268","0.026829983","0.030551251","0.003722000","0.026831000","0.030553000","0.036467075","0.03","0.00","22788","0","288","0","SIM","/home/leo/novo_tcc_rian/cplex_testes_versus_meu_codigo/dlx_nova_versao/comparacao/resultados/20260822_191919_2/logs/scp58_rep03_pos1_cplex.log"
"scp58","3","2","dlx","0","Optimal","288","61","0.029550126","0.118354698","0.147904824","0.029550000","0.118358000","0.147908000","0.153126955","0.14","0.00","4096","103301","286.8543","","","/home/leo/novo_tcc_rian/cplex_testes_versus_meu_codigo/dlx_nova_versao/comparacao/resultados/20260822_191919_2/logs/scp58_rep03_pos2_dlx.log"
"scp58","4","1","dlx","0","Optimal","288","61","0.018536510","0.129025332","0.147561842","0.018535000","0.129027000","0.147562000","0.153219938","0.14","0.00","4108","103301","286.8543","","","/home/leo/novo_tcc_rian/cplex_testes_versus_meu_codigo/dlx_nova_versao/comparacao/resultados/20260822_191919_2/logs/scp58_rep04_pos1_dlx.log"
"scp58","4","2","cplex","0","Optimal","288","62","0.003988155","0.047237789","0.051225944","0.003988000","0.047051000","0.051039000","0.059007883","0.05","0.00","22740","0","288","0","SIM","/home/leo/novo_tcc_rian/cplex_testes_versus_meu_codigo/dlx_nova_versao/comparacao/resultados/20260822_191919_2/logs/scp58_rep04_pos2_cplex.log"
"scp58","5","1","cplex","0","Optimal","288","62","0.002634286","0.025595453","0.028229739","0.002634000","0.025597000","0.028231000","0.035878897","0.03","0.00","22684","0","288","0","SIM","/home/leo/novo_tcc_rian/cplex_testes_versus_meu_codigo/dlx_nova_versao/comparacao/resultados/20260822_191919_2/logs/scp58_rep05_pos1_cplex.log"
"scp58","5","2","dlx","0","Optimal","288","61","0.024269346","0.119799419","0.144068765","0.024269000","0.119801000","0.144070000","0.148550987","0.14","0.00","4252","103301","286.8543","","","/home/leo/novo_tcc_rian/cplex_testes_versus_meu_codigo/dlx_nova_versao/comparacao/resultados/20260822_191919_2/logs/scp58_rep05_pos2_dlx.log"
"scp59","1","1","dlx","0","Optimal","279","57","0.017199550","0.000107740","0.017307290","0.017199000","0.000108000","0.017307000","0.021869898","0.02","0.00","4252","58","278.9999","","","/home/leo/novo_tcc_rian/cplex_testes_versus_meu_codigo/dlx_nova_versao/comparacao/resultados/20260822_191919_2/logs/scp59_rep01_pos1_dlx.log"
"scp59","1","2","cplex","0","Optimal","279","57","0.003823003","0.019826768","0.023649771","0.003824000","0.019828000","0.023652000","0.031290054","0.02","0.00","21444","0","279","0","SIM","/home/leo/novo_tcc_rian/cplex_testes_versus_meu_codigo/dlx_nova_versao/comparacao/resultados/20260822_191919_2/logs/scp59_rep01_pos2_cplex.log"
"scp59","2","1","cplex","0","Optimal","279","57","0.002162386","0.018415826","0.020578212","0.002162000","0.018418000","0.020580000","0.026270151","0.02","0.00","21456","0","279","0","SIM","/home/leo/novo_tcc_rian/cplex_testes_versus_meu_codigo/dlx_nova_versao/comparacao/resultados/20260822_191919_2/logs/scp59_rep02_pos1_cplex.log"
"scp59","2","2","dlx","0","Optimal","279","57","0.018538605","0.000120584","0.018659189","0.018538000","0.000121000","0.018659000","0.023030996","0.02","0.00","4148","58","278.9999","","","/home/leo/novo_tcc_rian/cplex_testes_versus_meu_codigo/dlx_nova_versao/comparacao/resultados/20260822_191919_2/logs/scp59_rep02_pos2_dlx.log"
"scp59","3","1","dlx","0","Optimal","279","57","0.031335254","0.000164762","0.031500016","0.031334000","0.000165000","0.031499000","0.035790920","0.03","0.00","4148","58","278.9999","","","/home/leo/novo_tcc_rian/cplex_testes_versus_meu_codigo/dlx_nova_versao/comparacao/resultados/20260822_191919_2/logs/scp59_rep03_pos1_dlx.log"
"scp59","3","2","cplex","0","Optimal","279","57","0.002776701","0.015670869","0.018447570","0.002780000","0.015674000","0.018454000","0.025448084","0.02","0.00","21816","0","279","0","SIM","/home/leo/novo_tcc_rian/cplex_testes_versus_meu_codigo/dlx_nova_versao/comparacao/resultados/20260822_191919_2/logs/scp59_rep03_pos2_cplex.log"
"scp59","4","1","cplex","0","Optimal","279","57","0.002151315","0.021285415","0.023436730","0.002151000","0.021287000","0.023438000","0.028867006","0.02","0.00","21604","0","279","0","SIM","/home/leo/novo_tcc_rian/cplex_testes_versus_meu_codigo/dlx_nova_versao/comparacao/resultados/20260822_191919_2/logs/scp59_rep04_pos1_cplex.log"
"scp59","4","2","dlx","0","Optimal","279","57","0.016934042","0.000061323","0.016995365","0.016933000","0.000061000","0.016994000","0.020986080","0.01","0.00","4096","58","278.9999","","","/home/leo/novo_tcc_rian/cplex_testes_versus_meu_codigo/dlx_nova_versao/comparacao/resultados/20260822_191919_2/logs/scp59_rep04_pos2_dlx.log"
"scp59","5","1","dlx","0","Optimal","279","57","0.017520226","0.000062545","0.017582771","0.017521000","0.000062000","0.017583000","0.022190094","0.02","0.00","4048","58","278.9999","","","/home/leo/novo_tcc_rian/cplex_testes_versus_meu_codigo/dlx_nova_versao/comparacao/resultados/20260822_191919_2/logs/scp59_rep05_pos1_dlx.log"
"scp59","5","2","cplex","0","Optimal","279","57","0.002562720","0.016450977","0.019013697","0.002563000","0.016452000","0.019015000","0.025745869","0.02","0.00","22004","0","279","0","SIM","/home/leo/novo_tcc_rian/cplex_testes_versus_meu_codigo/dlx_nova_versao/comparacao/resultados/20260822_191919_2/logs/scp59_rep05_pos2_cplex.log"
"scp61","1","1","cplex","0","Optimal","138","34","0.002824724","0.436797602","0.439622326","0.002825000","0.436800000","0.439625000","0.445964098","0.44","0.00","23760","37","138","0","SIM","/home/leo/novo_tcc_rian/cplex_testes_versus_meu_codigo/dlx_nova_versao/comparacao/resultados/20260822_191919_2/logs/scp61_rep01_pos1_cplex.log"
"scp61","1","2","dlx","0","Optimal","138","34","0.013518789","1.728656591","1.742175380","0.013518000","1.728576000","1.742094000","1.746788979","1.73","0.00","4108","1340916","133.0852","","","/home/leo/novo_tcc_rian/cplex_testes_versus_meu_codigo/dlx_nova_versao/comparacao/resultados/20260822_191919_2/logs/scp61_rep01_pos2_dlx.log"
"scp61","2","1","dlx","0","Optimal","138","34","0.012896144","1.745071387","1.757967531","0.012896000","1.744890000","1.757786000","1.762314081","1.76","0.00","4108","1340916","133.0852","","","/home/leo/novo_tcc_rian/cplex_testes_versus_meu_codigo/dlx_nova_versao/comparacao/resultados/20260822_191919_2/logs/scp61_rep02_pos1_dlx.log"
"scp61","2","2","cplex","0","Optimal","138","34","0.001700628","0.458619004","0.460319632","0.001701000","0.458608000","0.460309000","0.466787815","0.46","0.00","24524","37","138","0","SIM","/home/leo/novo_tcc_rian/cplex_testes_versus_meu_codigo/dlx_nova_versao/comparacao/resultados/20260822_191919_2/logs/scp61_rep02_pos2_cplex.log"
"scp61","3","1","cplex","0","Optimal","138","34","0.003070409","0.465889611","0.468960020","0.003069000","0.465883000","0.468952000","0.476910114","0.46","0.01","24172","37","138","0","SIM","/home/leo/novo_tcc_rian/cplex_testes_versus_meu_codigo/dlx_nova_versao/comparacao/resultados/20260822_191919_2/logs/scp61_rep03_pos1_cplex.log"
"scp61","3","2","dlx","0","Optimal","138","34","0.015468969","1.743200244","1.758669213","0.015469000","1.743151000","1.758620000","1.764101028","1.76","0.00","4048","1340916","133.0852","","","/home/leo/novo_tcc_rian/cplex_testes_versus_meu_codigo/dlx_nova_versao/comparacao/resultados/20260822_191919_2/logs/scp61_rep03_pos2_dlx.log"
"scp61","4","1","dlx","0","Optimal","138","34","0.014277679","1.708881315","1.723158994","0.014277000","1.708711000","1.722988000","1.727929831","1.72","0.00","4256","1340916","133.0852","","","/home/leo/novo_tcc_rian/cplex_testes_versus_meu_codigo/dlx_nova_versao/comparacao/resultados/20260822_191919_2/logs/scp61_rep04_pos1_dlx.log"
"scp61","4","2","cplex","0","Optimal","138","34","0.001657768","0.446950343","0.448608111","0.001657000","0.446939000","0.448596000","0.454545021","0.44","0.00","24544","37","138","0","SIM","/home/leo/novo_tcc_rian/cplex_testes_versus_meu_codigo/dlx_nova_versao/comparacao/resultados/20260822_191919_2/logs/scp61_rep04_pos2_cplex.log"
"scp61","5","1","cplex","0","Optimal","138","34","0.002712057","0.459719701","0.462431758","0.002712000","0.459705000","0.462417000","0.468527079","0.46","0.00","24444","37","138","0","SIM","/home/leo/novo_tcc_rian/cplex_testes_versus_meu_codigo/dlx_nova_versao/comparacao/resultados/20260822_191919_2/logs/scp61_rep05_pos1_cplex.log"
"scp61","5","2","dlx","0","Optimal","138","34","0.014419044","1.767226690","1.781645734","0.014418000","1.765809000","1.780227000","1.788049936","1.78","0.00","4200","1340916","133.0852","","","/home/leo/novo_tcc_rian/cplex_testes_versus_meu_codigo/dlx_nova_versao/comparacao/resultados/20260822_191919_2/logs/scp61_rep05_pos2_dlx.log"
"scp62","1","1","dlx","0","Optimal","146","36","0.010591599","5.075070584","5.085662183","0.010591000","5.074511000","5.085102000","5.090515852","5.08","0.00","4120","2898670","140.3402","","","/home/leo/novo_tcc_rian/cplex_testes_versus_meu_codigo/dlx_nova_versao/comparacao/resultados/20260822_191919_2/logs/scp62_rep01_pos1_dlx.log"
"scp62","1","2","cplex","0","Optimal","146","36","0.001689829","0.490277494","0.491967323","0.001690000","0.490259000","0.491949000","0.499188900","0.48","0.00","23920","20","146","0","SIM","/home/leo/novo_tcc_rian/cplex_testes_versus_meu_codigo/dlx_nova_versao/comparacao/resultados/20260822_191919_2/logs/scp62_rep01_pos2_cplex.log"
"scp62","2","1","cplex","0","Optimal","146","36","0.001588634","0.496129930","0.497718564","0.001589000","0.496132000","0.497721000","0.503774881","0.50","0.00","23800","20","146","0","SIM","/home/leo/novo_tcc_rian/cplex_testes_versus_meu_codigo/dlx_nova_versao/comparacao/resultados/20260822_191919_2/logs/scp62_rep02_pos1_cplex.log"
"scp62","2","2","dlx","0","Optimal","146","36","0.014050269","5.196139884","5.210190153","0.014047000","5.195508000","5.209555000","5.216377974","5.20","0.00","4356","2898670","140.3402","","","/home/leo/novo_tcc_rian/cplex_testes_versus_meu_codigo/dlx_nova_versao/comparacao/resultados/20260822_191919_2/logs/scp62_rep02_pos2_dlx.log"
"scp62","3","1","dlx","0","Optimal","146","36","0.010642079","5.355971364","5.366613443","0.010642000","5.355319000","5.365961000","5.371148109","5.36","0.00","4180","2898670","140.3402","","","/home/leo/novo_tcc_rian/cplex_testes_versus_meu_codigo/dlx_nova_versao/comparacao/resultados/20260822_191919_2/logs/scp62_rep03_pos1_dlx.log"
"scp62","3","2","cplex","0","Optimal","146","36","0.003197397","0.447660636","0.450858033","0.003197000","0.447652000","0.450849000","0.459125042","0.45","0.00","24576","20","146","0","SIM","/home/leo/novo_tcc_rian/cplex_testes_versus_meu_codigo/dlx_nova_versao/comparacao/resultados/20260822_191919_2/logs/scp62_rep03_pos2_cplex.log"
"scp62","4","1","cplex","0","Optimal","146","36","0.011543142","0.471281375","0.482824517","0.011527000","0.471255000","0.482782000","0.492892981","0.48","0.00","24748","20","146","0","SIM","/home/leo/novo_tcc_rian/cplex_testes_versus_meu_codigo/dlx_nova_versao/comparacao/resultados/20260822_191919_2/logs/scp62_rep04_pos1_cplex.log"
"scp62","4","2","dlx","0","Optimal","146","36","0.015360950","4.999584041","5.014944991","0.015362000","4.999116000","5.014478000","5.020930052","5.01","0.00","3932","2898670","140.3402","","","/home/leo/novo_tcc_rian/cplex_testes_versus_meu_codigo/dlx_nova_versao/comparacao/resultados/20260822_191919_2/logs/scp62_rep04_pos2_dlx.log"
"scp62","5","1","dlx","0","Optimal","146","36","0.010194029","5.086055558","5.096249587","0.010193000","5.085305000","5.095498000","5.101130009","5.09","0.00","4148","2898670","140.3402","","","/home/leo/novo_tcc_rian/cplex_testes_versus_meu_codigo/dlx_nova_versao/comparacao/resultados/20260822_191919_2/logs/scp62_rep05_pos1_dlx.log"
"scp62","5","2","cplex","0","Optimal","146","36","0.002561865","0.468394796","0.470956661","0.002561000","0.468342000","0.470903000","0.477096081","0.47","0.00","24640","20","146","0","SIM","/home/leo/novo_tcc_rian/cplex_testes_versus_meu_codigo/dlx_nova_versao/comparacao/resultados/20260822_191919_2/logs/scp62_rep05_pos2_cplex.log"
"scp63","1","1","cplex","0","Optimal","145","35","0.002178639","0.366558482","0.368737121","0.002178000","0.366560000","0.368738000","0.376981974","0.37","0.00","24360","7","145","0","SIM","/home/leo/novo_tcc_rian/cplex_testes_versus_meu_codigo/dlx_nova_versao/comparacao/resultados/20260822_191919_2/logs/scp63_rep01_pos1_cplex.log"
"scp63","1","2","dlx","0","Optimal","145","35","0.015833050","0.400194123","0.416027173","0.015833000","0.400160000","0.415993000","0.421931028","0.42","0.00","4124","180316","139.8739","","","/home/leo/novo_tcc_rian/cplex_testes_versus_meu_codigo/dlx_nova_versao/comparacao/resultados/20260822_191919_2/logs/scp63_rep01_pos2_dlx.log"
"scp63","2","1","dlx","0","Optimal","145","35","0.011656961","0.350829810","0.362486771","0.011657000","0.350802000","0.362459000","0.367287874","0.36","0.00","4148","180316","139.8739","","","/home/leo/novo_tcc_rian/cplex_testes_versus_meu_codigo/dlx_nova_versao/comparacao/resultados/20260822_191919_2/logs/scp63_rep02_pos1_dlx.log"
"scp63","2","2","cplex","0","Optimal","145","35","0.002196696","0.371695583","0.373892279","0.002195000","0.371674000","0.373869000","0.381536961","0.37","0.00","24336","7","145","0","SIM","/home/leo/novo_tcc_rian/cplex_testes_versus_meu_codigo/dlx_nova_versao/comparacao/resultados/20260822_191919_2/logs/scp63_rep02_pos2_cplex.log"
"scp63","3","1","cplex","0","Optimal","145","35","0.001690138","0.347273411","0.348963549","0.001690000","0.347090000","0.348780000","0.355920076","0.34","0.00","24504","7","145","0","SIM","/home/leo/novo_tcc_rian/cplex_testes_versus_meu_codigo/dlx_nova_versao/comparacao/resultados/20260822_191919_2/logs/scp63_rep03_pos1_cplex.log"
"scp63","3","2","dlx","0","Optimal","145","35","0.011193317","0.395585168","0.406778485","0.011193000","0.395581000","0.406774000","0.413377047","0.41","0.00","4244","180316","139.8739","","","/home/leo/novo_tcc_rian/cplex_testes_versus_meu_codigo/dlx_nova_versao/comparacao/resultados/20260822_191919_2/logs/scp63_rep03_pos2_dlx.log"
"scp63","4","1","dlx","0","Optimal","145","35","0.013962662","0.363393829","0.377356491","0.013962000","0.363380000","0.377342000","0.384550095","0.37","0.00","4244","180316","139.8739","","","/home/leo/novo_tcc_rian/cplex_testes_versus_meu_codigo/dlx_nova_versao/comparacao/resultados/20260822_191919_2/logs/scp63_rep04_pos1_dlx.log"
"scp63","4","2","cplex","0","Optimal","145","35","0.001657056","0.352470863","0.354127919","0.001657000","0.352473000","0.354130000","0.360647917","0.35","0.00","24568","7","145","0","SIM","/home/leo/novo_tcc_rian/cplex_testes_versus_meu_codigo/dlx_nova_versao/comparacao/resultados/20260822_191919_2/logs/scp63_rep04_pos2_cplex.log"
"scp63","5","1","cplex","0","Optimal","145","35","0.001600756","0.396804668","0.398405424","0.001600000","0.396773000","0.398373000","0.404134989","0.39","0.00","24720","7","145","0","SIM","/home/leo/novo_tcc_rian/cplex_testes_versus_meu_codigo/dlx_nova_versao/comparacao/resultados/20260822_191919_2/logs/scp63_rep05_pos1_cplex.log"
"scp63","5","2","dlx","0","Optimal","145","35","0.011434537","0.397673183","0.409107720","0.011433000","0.397677000","0.409110000","0.413393974","0.40","0.00","4108","180316","139.8739","","","/home/leo/novo_tcc_rian/cplex_testes_versus_meu_codigo/dlx_nova_versao/comparacao/resultados/20260822_191919_2/logs/scp63_rep05_pos2_dlx.log"
"scp64","1","1","dlx","0","Optimal","131","38","0.011068870","0.034248788","0.045317658","0.011061000","0.034252000","0.045313000","0.050592184","0.04","0.00","4252","19852","128.8903","","","/home/leo/novo_tcc_rian/cplex_testes_versus_meu_codigo/dlx_nova_versao/comparacao/resultados/20260822_191919_2/logs/scp64_rep01_pos1_dlx.log"
"scp64","1","2","cplex","0","Optimal","131","38","0.001725699","0.049018763","0.050744462","0.001724000","0.049021000","0.050745000","0.057655096","0.05","0.00","23500","0","131","0","SIM","/home/leo/novo_tcc_rian/cplex_testes_versus_meu_codigo/dlx_nova_versao/comparacao/resultados/20260822_191919_2/logs/scp64_rep01_pos2_cplex.log"
"scp64","2","1","cplex","0","Optimal","131","38","0.001757384","0.047301621","0.049059005","0.001757000","0.047304000","0.049061000","0.054668903","0.05","0.00","23256","0","131","0","SIM","/home/leo/novo_tcc_rian/cplex_testes_versus_meu_codigo/dlx_nova_versao/comparacao/resultados/20260822_191919_2/logs/scp64_rep02_pos1_cplex.log"
"scp64","2","2","dlx","0","Optimal","131","38","0.011203232","0.035139898","0.046343130","0.011203000","0.035147000","0.046350000","0.053746939","0.04","0.00","4048","19852","128.8903","","","/home/leo/novo_tcc_rian/cplex_testes_versus_meu_codigo/dlx_nova_versao/comparacao/resultados/20260822_191919_2/logs/scp64_rep02_pos2_dlx.log"
"scp64","3","1","dlx","0","Optimal","131","38","0.011515958","0.036899448","0.048415406","0.011525000","0.036902000","0.048427000","0.052960873","0.04","0.00","4244","19852","128.8903","","","/home/leo/novo_tcc_rian/cplex_testes_versus_meu_codigo/dlx_nova_versao/comparacao/resultados/20260822_191919_2/logs/scp64_rep03_pos1_dlx.log"
"scp64","3","2","cplex","0","Optimal","131","38","0.001613148","0.064512604","0.066125752","0.001613000","0.064428000","0.066041000","0.071784019","0.06","0.00","22772","0","131","0","SIM","/home/leo/novo_tcc_rian/cplex_testes_versus_meu_codigo/dlx_nova_versao/comparacao/resultados/20260822_191919_2/logs/scp64_rep03_pos2_cplex.log"
"scp64","4","1","cplex","0","Optimal","131","38","0.003126540","0.063379218","0.066505758","0.003126000","0.063382000","0.066508000","0.074957132","0.06","0.00","23612","0","131","0","SIM","/home/leo/novo_tcc_rian/cplex_testes_versus_meu_codigo/dlx_nova_versao/comparacao/resultados/20260822_191919_2/logs/scp64_rep04_pos1_cplex.log"
"scp64","4","2","dlx","0","Optimal","131","38","0.014452015","0.032683677","0.047135692","0.014451000","0.032686000","0.047137000","0.052627087","0.04","0.00","4124","19852","128.8903","","","/home/leo/novo_tcc_rian/cplex_testes_versus_meu_codigo/dlx_nova_versao/comparacao/resultados/20260822_191919_2/logs/scp64_rep04_pos2_dlx.log"
"scp64","5","1","dlx","0","Optimal","131","38","0.010790772","0.035190749","0.045981521","0.010791000","0.035193000","0.045984000","0.050288916","0.04","0.00","3932","19852","128.8903","","","/home/leo/novo_tcc_rian/cplex_testes_versus_meu_codigo/dlx_nova_versao/comparacao/resultados/20260822_191919_2/logs/scp64_rep05_pos1_dlx.log"
"scp64","5","2","cplex","0","Optimal","131","38","0.003183570","0.062372842","0.065556412","0.003183000","0.062375000","0.065558000","0.073035955","0.07","0.00","22720","0","131","0","SIM","/home/leo/novo_tcc_rian/cplex_testes_versus_meu_codigo/dlx_nova_versao/comparacao/resultados/20260822_191919_2/logs/scp64_rep05_pos2_cplex.log"
"scp65","1","1","cplex","0","Optimal","161","36","0.002403329","0.409174887","0.411578216","0.002404000","0.409166000","0.411570000","0.433026075","0.40","0.00","24780","29","161","0","SIM","/home/leo/novo_tcc_rian/cplex_testes_versus_meu_codigo/dlx_nova_versao/comparacao/resultados/20260822_191919_2/logs/scp65_rep01_pos1_cplex.log"
"scp65","1","2","dlx","0","Optimal","161","36","0.015788160","11.157190115","11.172978275","0.015781000","11.155137000","11.170918000","11.177726030","11.17","0.00","4208","3659497","153.2328","","","/home/leo/novo_tcc_rian/cplex_testes_versus_meu_codigo/dlx_nova_versao/comparacao/resultados/20260822_191919_2/logs/scp65_rep01_pos2_dlx.log"
"scp65","2","1","dlx","0","Optimal","161","36","0.015619600","10.909583663","10.925203263","0.015620000","10.908795000","10.924415000","10.931956053","10.92","0.00","4068","3659497","153.2328","","","/home/leo/novo_tcc_rian/cplex_testes_versus_meu_codigo/dlx_nova_versao/comparacao/resultados/20260822_191919_2/logs/scp65_rep02_pos1_dlx.log"
"scp65","2","2","cplex","0","Optimal","161","36","0.001634635","0.448303294","0.449937929","0.001634000","0.448244000","0.449878000","0.456912994","0.44","0.00","24724","29","161","0","SIM","/home/leo/novo_tcc_rian/cplex_testes_versus_meu_codigo/dlx_nova_versao/comparacao/resultados/20260822_191919_2/logs/scp65_rep02_pos2_cplex.log"
"scp65","3","1","cplex","0","Optimal","161","36","0.002202452","0.417032216","0.419234668","0.002202000","0.417021000","0.419223000","0.425575018","0.41","0.00","24616","29","161","0","SIM","/home/leo/novo_tcc_rian/cplex_testes_versus_meu_codigo/dlx_nova_versao/comparacao/resultados/20260822_191919_2/logs/scp65_rep03_pos1_cplex.log"
"scp65","3","2","dlx","0","Optimal","161","36","0.015996331","10.946190844","10.962187175","0.015995000","10.943662000","10.959657000","10.967408180","10.96","0.00","4256","3659497","153.2328","","","/home/leo/novo_tcc_rian/cplex_testes_versus_meu_codigo/dlx_nova_versao/comparacao/resultados/20260822_191919_2/logs/scp65_rep03_pos2_dlx.log"
"scp65","4","1","dlx","0","Optimal","161","36","0.016498928","11.208463011","11.224961939","0.016499000","11.207211000","11.223710000","11.242169142","11.22","0.00","4120","3659497","153.2328","","","/home/leo/novo_tcc_rian/cplex_testes_versus_meu_codigo/dlx_nova_versao/comparacao/resultados/20260822_191919_2/logs/scp65_rep04_pos1_dlx.log"
"scp65","4","2","cplex","0","Optimal","161","36","0.002273349","0.397875335","0.400148684","0.002273000","0.397866000","0.400139000","0.406430006","0.40","0.00","23964","29","161","0","SIM","/home/leo/novo_tcc_rian/cplex_testes_versus_meu_codigo/dlx_nova_versao/comparacao/resultados/20260822_191919_2/logs/scp65_rep04_pos2_cplex.log"
"scp65","5","1","cplex","0","Optimal","161","36","0.002238011","0.404059792","0.406297803","0.002232000","0.404061000","0.406293000","0.412743092","0.40","0.00","24392","29","161","0","SIM","/home/leo/novo_tcc_rian/cplex_testes_versus_meu_codigo/dlx_nova_versao/comparacao/resultados/20260822_191919_2/logs/scp65_rep05_pos1_cplex.log"
"scp65","5","2","dlx","0","Optimal","161","36","0.013814752","10.960435133","10.974249885","0.013736000","10.959237000","10.972973000","10.979415894","10.97","0.00","4048","3659497","153.2328","","","/home/leo/novo_tcc_rian/cplex_testes_versus_meu_codigo/dlx_nova_versao/comparacao/resultados/20260822_191919_2/logs/scp65_rep05_pos2_dlx.log"
"scp410","1","1","dlx","0","Optimal","514","64","0.006821927","0.000045772","0.006867699","0.006823000","0.000045000","0.006868000","0.011498928","0.00","0.00","3792","65","513.5000","","","/home/leo/novo_tcc_rian/cplex_testes_versus_meu_codigo/dlx_nova_versao/comparacao/resultados/20260822_191919_2/logs/scp410_rep01_pos1_dlx.log"
"scp410","1","2","cplex","0","Optimal","514","64","0.001689442","0.011072690","0.012762132","0.001689000","0.011075000","0.012764000","0.018447161","0.01","0.00","20048","0","514","0","SIM","/home/leo/novo_tcc_rian/cplex_testes_versus_meu_codigo/dlx_nova_versao/comparacao/resultados/20260822_191919_2/logs/scp410_rep01_pos2_cplex.log"
"scp410","2","1","cplex","0","Optimal","514","64","0.002075697","0.010427153","0.012502850","0.002075000","0.010428000","0.012503000","0.017488003","0.01","0.00","20088","0","514","0","SIM","/home/leo/novo_tcc_rian/cplex_testes_versus_meu_codigo/dlx_nova_versao/comparacao/resultados/20260822_191919_2/logs/scp410_rep02_pos1_cplex.log"
"scp410","2","2","dlx","0","Optimal","514","64","0.007192463","0.000045807","0.007238270","0.007191000","0.000046000","0.007237000","0.011227131","0.00","0.00","3996","65","513.5000","","","/home/leo/novo_tcc_rian/cplex_testes_versus_meu_codigo/dlx_nova_versao/comparacao/resultados/20260822_191919_2/logs/scp410_rep02_pos2_dlx.log"
"scp410","3","1","dlx","0","Optimal","514","64","0.005969994","0.000041039","0.006011033","0.005968000","0.000041000","0.006009000","0.009892941","0.00","0.00","3916","65","513.5000","","","/home/leo/novo_tcc_rian/cplex_testes_versus_meu_codigo/dlx_nova_versao/comparacao/resultados/20260822_191919_2/logs/scp410_rep03_pos1_dlx.log"
"scp410","3","2","cplex","0","Optimal","514","64","0.007352886","0.011600816","0.018953702","0.002580000","0.011557000","0.014137000","0.027940035","0.01","0.00","20276","0","514","0","SIM","/home/leo/novo_tcc_rian/cplex_testes_versus_meu_codigo/dlx_nova_versao/comparacao/resultados/20260822_191919_2/logs/scp410_rep03_pos2_cplex.log"
"scp410","4","1","cplex","0","Optimal","514","64","0.001855115","0.012842109","0.014697224","0.001854000","0.012844000","0.014698000","0.021807909","0.01","0.00","20000","0","514","0","SIM","/home/leo/novo_tcc_rian/cplex_testes_versus_meu_codigo/dlx_nova_versao/comparacao/resultados/20260822_191919_2/logs/scp410_rep04_pos1_cplex.log"
"scp410","4","2","dlx","0","Optimal","514","64","0.008658691","0.000057431","0.008716122","0.008658000","0.000057000","0.008715000","0.013175964","0.01","0.00","3852","65","513.5000","","","/home/leo/novo_tcc_rian/cplex_testes_versus_meu_codigo/dlx_nova_versao/comparacao/resultados/20260822_191919_2/logs/scp410_rep04_pos2_dlx.log"
"scp410","5","1","dlx","0","Optimal","514","64","0.006388226","0.000051674","0.006439900","0.006398000","0.000050000","0.006448000","0.011004925","0.00","0.00","4112","65","513.5000","","","/home/leo/novo_tcc_rian/cplex_testes_versus_meu_codigo/dlx_nova_versao/comparacao/resultados/20260822_191919_2/logs/scp410_rep05_pos1_dlx.log"
"scp410","5","2","cplex","0","Optimal","514","64","0.002223653","0.014946982","0.017170635","0.002222000","0.014949000","0.017171000","0.023277998","0.01","0.00","20320","0","514","0","SIM","/home/leo/novo_tcc_rian/cplex_testes_versus_meu_codigo/dlx_nova_versao/comparacao/resultados/20260822_191919_2/logs/scp410_rep05_pos2_cplex.log"
"scp510","1","1","cplex","0","Optimal","265","64","0.002195321","0.017915407","0.020110728","0.002195000","0.017918000","0.020113000","0.025882006","0.02","0.00","21708","0","265","0","SIM","/home/leo/novo_tcc_rian/cplex_testes_versus_meu_codigo/dlx_nova_versao/comparacao/resultados/20260822_191919_2/logs/scp510_rep01_pos1_cplex.log"
"scp510","1","2","dlx","0","Optimal","265","64","0.013183067","0.000089959","0.013273026","0.013185000","0.000089000","0.013274000","0.019336939","0.01","0.00","4172","65","265.0000","","","/home/leo/novo_tcc_rian/cplex_testes_versus_meu_codigo/dlx_nova_versao/comparacao/resultados/20260822_191919_2/logs/scp510_rep01_pos2_dlx.log"
"scp510","2","1","dlx","0","Optimal","265","64","0.015871151","0.000068493","0.015939644","0.015867000","0.000068000","0.015935000","0.021873951","0.01","0.00","4108","65","265.0000","","","/home/leo/novo_tcc_rian/cplex_testes_versus_meu_codigo/dlx_nova_versao/comparacao/resultados/20260822_191919_2/logs/scp510_rep02_pos1_dlx.log"
"scp510","2","2","cplex","0","Optimal","265","64","0.002118918","0.015567952","0.017686870","0.002119000","0.015569000","0.017688000","0.023243904","0.02","0.00","20976","0","265","0","SIM","/home/leo/novo_tcc_rian/cplex_testes_versus_meu_codigo/dlx_nova_versao/comparacao/resultados/20260822_191919_2/logs/scp510_rep02_pos2_cplex.log"
"scp510","3","1","cplex","0","Optimal","265","64","0.002694212","0.017981093","0.020675305","0.002694000","0.017983000","0.020677000","0.027729988","0.02","0.00","21528","0","265","0","SIM","/home/leo/novo_tcc_rian/cplex_testes_versus_meu_codigo/dlx_nova_versao/comparacao/resultados/20260822_191919_2/logs/scp510_rep03_pos1_cplex.log"
"scp510","3","2","dlx","0","Optimal","265","64","0.014094560","0.000094137","0.014188697","0.014108000","0.000094000","0.014202000","0.018971205","0.01","0.00","4252","65","265.0000","","","/home/leo/novo_tcc_rian/cplex_testes_versus_meu_codigo/dlx_nova_versao/comparacao/resultados/20260822_191919_2/logs/scp510_rep03_pos2_dlx.log"
"scp510","4","1","dlx","0","Optimal","265","64","0.017264969","0.000085723","0.017350692","0.017263000","0.000086000","0.017349000","0.024514914","0.02","0.00","4256","65","265.0000","","","/home/leo/novo_tcc_rian/cplex_testes_versus_meu_codigo/dlx_nova_versao/comparacao/resultados/20260822_191919_2/logs/scp510_rep04_pos1_dlx.log"
"scp510","4","2","cplex","0","Optimal","265","64","0.003483661","0.030668398","0.034152059","0.003486000","0.030670000","0.034156000","0.040482044","0.03","0.00","21552","0","265","0","SIM","/home/leo/novo_tcc_rian/cplex_testes_versus_meu_codigo/dlx_nova_versao/comparacao/resultados/20260822_191919_2/logs/scp510_rep04_pos2_cplex.log"
"scp510","5","1","cplex","0","Optimal","265","64","0.004240571","0.018423835","0.022664406","0.004241000","0.018425000","0.022666000","0.031244993","0.02","0.00","22024","0","265","0","SIM","/home/leo/novo_tcc_rian/cplex_testes_versus_meu_codigo/dlx_nova_versao/comparacao/resultados/20260822_191919_2/logs/scp510_rep05_pos1_cplex.log"
"scp510","5","2","dlx","0","Optimal","265","64","0.013184495","0.000066228","0.013250723","0.013183000","0.000066000","0.013249000","0.018950939","0.01","0.00","4148","65","265.0000","","","/home/leo/novo_tcc_rian/cplex_testes_versus_meu_codigo/dlx_nova_versao/comparacao/resultados/20260822_191919_2/logs/scp510_rep05_pos2_dlx.log"
"scpe1","1","1","dlx","0","Optimal","5","5","0.007886191","0.042475695","0.050361886","0.003881000","0.038380000","0.042261000","0.057540178","0.04","0.00","3800","2068","3.4695","","","/home/leo/novo_tcc_rian/cplex_testes_versus_meu_codigo/dlx_nova_versao/comparacao/resultados/20260822_191919_2/logs/scpe1_rep01_pos1_dlx.log"
"scpe1","1","2","cplex","0","Optimal","5","5","0.001946439","0.144704375","0.146650814","0.001946000","0.144706000","0.146652000","0.153270960","0.14","0.00","22700","57","5","0","SIM","/home/leo/novo_tcc_rian/cplex_testes_versus_meu_codigo/dlx_nova_versao/comparacao/resultados/20260822_191919_2/logs/scpe1_rep01_pos2_cplex.log"
"scpe1","2","1","cplex","0","Optimal","5","5","0.001760772","0.204676509","0.206437281","0.001760000","0.204659000","0.206419000","0.214601994","0.20","0.00","22780","57","5","0","SIM","/home/leo/novo_tcc_rian/cplex_testes_versus_meu_codigo/dlx_nova_versao/comparacao/resultados/20260822_191919_2/logs/scpe1_rep02_pos1_cplex.log"
"scpe1","2","2","dlx","0","Optimal","5","5","0.003895740","0.048183678","0.052079418","0.003895000","0.048190000","0.052085000","0.056375027","0.05","0.00","3996","2068","3.4695","","","/home/leo/novo_tcc_rian/cplex_testes_versus_meu_codigo/dlx_nova_versao/comparacao/resultados/20260822_191919_2/logs/scpe1_rep02_pos2_dlx.log"
"scpe1","3","1","dlx","0","Optimal","5","5","0.003420238","0.039397705","0.042817943","0.003419000","0.039401000","0.042820000","0.047312021","0.04","0.00","3828","2068","3.4695","","","/home/leo/novo_tcc_rian/cplex_testes_versus_meu_codigo/dlx_nova_versao/comparacao/resultados/20260822_191919_2/logs/scpe1_rep03_pos1_dlx.log"
"scpe1","3","2","cplex","0","Optimal","5","5","0.000970209","0.139094427","0.140064636","0.000970000","0.139085000","0.140055000","0.146440029","0.14","0.00","22572","57","5","0","SIM","/home/leo/novo_tcc_rian/cplex_testes_versus_meu_codigo/dlx_nova_versao/comparacao/resultados/20260822_191919_2/logs/scpe1_rep03_pos2_cplex.log"
"scpe1","4","1","cplex","0","Optimal","5","5","0.000984673","0.107306327","0.108291000","0.000983000","0.107279000","0.108262000","0.114053965","0.10","0.00","23112","57","5","0","SIM","/home/leo/novo_tcc_rian/cplex_testes_versus_meu_codigo/dlx_nova_versao/comparacao/resultados/20260822_191919_2/logs/scpe1_rep04_pos1_cplex.log"
"scpe1","4","2","dlx","0","Optimal","5","5","0.003949764","0.035849039","0.039798803","0.003946000","0.035851000","0.039797000","0.044722080","0.04","0.00","3952","2068","3.4695","","","/home/leo/novo_tcc_rian/cplex_testes_versus_meu_codigo/dlx_nova_versao/comparacao/resultados/20260822_191919_2/logs/scpe1_rep04_pos2_dlx.log"
"scpe1","5","1","dlx","0","Optimal","5","5","0.005691231","0.038602921","0.044294152","0.005690000","0.038603000","0.044293000","0.052802086","0.04","0.00","3988","2068","3.4695","","","/home/leo/novo_tcc_rian/cplex_testes_versus_meu_codigo/dlx_nova_versao/comparacao/resultados/20260822_191919_2/logs/scpe1_rep05_pos1_dlx.log"
"scpe1","5","2","cplex","0","Optimal","5","5","0.001324214","0.141077588","0.142401802","0.001322000","0.140783000","0.142105000","0.149514914","0.13","0.00","22728","57","5","0","SIM","/home/leo/novo_tcc_rian/cplex_testes_versus_meu_codigo/dlx_nova_versao/comparacao/resultados/20260822_191919_2/logs/scpe1_rep05_pos2_cplex.log"
"scpe2","1","1","cplex","0","Optimal","5","5","0.001906077","0.198671084","0.200577161","0.001906000","0.198582000","0.200488000","0.206629992","0.20","0.00","22504","111","5","0","SIM","/home/leo/novo_tcc_rian/cplex_testes_versus_meu_codigo/dlx_nova_versao/comparacao/resultados/20260822_191919_2/logs/scpe2_rep01_pos1_cplex.log"
"scpe2","1","2","dlx","0","Optimal","5","5","0.005228396","0.097138408","0.102366804","0.005186000","0.097145000","0.102331000","0.106528997","0.10","0.00","4112","5291","3.3763","","","/home/leo/novo_tcc_rian/cplex_testes_versus_meu_codigo/dlx_nova_versao/comparacao/resultados/20260822_191919_2/logs/scpe2_rep01_pos2_dlx.log"
"scpe2","2","1","dlx","0","Optimal","5","5","0.006927709","0.104891207","0.111818916","0.006908000","0.104766000","0.111674000","0.118808031","0.11","0.00","3916","5291","3.3763","","","/home/leo/novo_tcc_rian/cplex_testes_versus_meu_codigo/dlx_nova_versao/comparacao/resultados/20260822_191919_2/logs/scpe2_rep02_pos1_dlx.log"
"scpe2","2","2","cplex","0","Optimal","5","5","0.000965797","0.184072433","0.185038230","0.000965000","0.184074000","0.185039000","0.190815926","0.18","0.00","21760","111","5","0","SIM","/home/leo/novo_tcc_rian/cplex_testes_versus_meu_codigo/dlx_nova_versao/comparacao/resultados/20260822_191919_2/logs/scpe2_rep02_pos2_cplex.log"
"scpe2","3","1","cplex","0","Optimal","5","5","0.001429500","0.192241221","0.193670721","0.001428000","0.192232000","0.193660000","0.200136185","0.19","0.00","22744","111","5","0","SIM","/home/leo/novo_tcc_rian/cplex_testes_versus_meu_codigo/dlx_nova_versao/comparacao/resultados/20260822_191919_2/logs/scpe2_rep03_pos1_cplex.log"
"scpe2","3","2","dlx","0","Optimal","5","5","0.003959198","0.106309522","0.110268720","0.003957000","0.106303000","0.110260000","0.114959002","0.10","0.00","4000","5291","3.3763","","","/home/leo/novo_tcc_rian/cplex_testes_versus_meu_codigo/dlx_nova_versao/comparacao/resultados/20260822_191919_2/logs/scpe2_rep03_pos2_dlx.log"
"scpe2","4","1","dlx","0","Optimal","5","5","0.003931587","0.107648280","0.111579867","0.003931000","0.107636000","0.111567000","0.116865158","0.11","0.00","3952","5291","3.3763","","","/home/leo/novo_tcc_rian/cplex_testes_versus_meu_codigo/dlx_nova_versao/comparacao/resultados/20260822_191919_2/logs/scpe2_rep04_pos1_dlx.log"
"scpe2","4","2","cplex","0","Optimal","5","5","0.001873573","0.184663766","0.186537339","0.001873000","0.184644000","0.186517000","0.193742990","0.18","0.01","22244","111","5","0","SIM","/home/leo/novo_tcc_rian/cplex_testes_versus_meu_codigo/dlx_nova_versao/comparacao/resultados/20260822_191919_2/logs/scpe2_rep04_pos2_cplex.log"
"scpe2","5","1","cplex","0","Optimal","5","5","0.001559993","0.205191399","0.206751392","0.001560000","0.205183000","0.206743000","0.214761019","0.20","0.00","22676","111","5","0","SIM","/home/leo/novo_tcc_rian/cplex_testes_versus_meu_codigo/dlx_nova_versao/comparacao/resultados/20260822_191919_2/logs/scpe2_rep05_pos1_cplex.log"
"scpe2","5","2","dlx","0","Optimal","5","5","0.004058490","0.097036931","0.101095421","0.004057000","0.097024000","0.101081000","0.105597973","0.09","0.00","3868","5291","3.3763","","","/home/leo/novo_tcc_rian/cplex_testes_versus_meu_codigo/dlx_nova_versao/comparacao/resultados/20260822_191919_2/logs/scpe2_rep05_pos2_dlx.log"
"scpe3","1","1","dlx","0","Optimal","5","5","0.003620398","0.109405856","0.113026254","0.003619000","0.109400000","0.113019000","0.116986036","0.11","0.00","3852","5492","3.2893","","","/home/leo/novo_tcc_rian/cplex_testes_versus_meu_codigo/dlx_nova_versao/comparacao/resultados/20260822_191919_2/logs/scpe3_rep01_pos1_dlx.log"
"scpe3","1","2","cplex","0","Optimal","5","5","0.001112965","0.235637990","0.236750955","0.001112000","0.235381000","0.236493000","0.242316008","0.23","0.00","22056","121","5","0","SIM","/home/leo/novo_tcc_rian/cplex_testes_versus_meu_codigo/dlx_nova_versao/comparacao/resultados/20260822_191919_2/logs/scpe3_rep01_pos2_cplex.log"
"scpe3","2","1","cplex","0","Optimal","5","5","0.001354644","0.186526880","0.187881524","0.001353000","0.186496000","0.187849000","0.194643974","0.18","0.00","22524","121","5","0","SIM","/home/leo/novo_tcc_rian/cplex_testes_versus_meu_codigo/dlx_nova_versao/comparacao/resultados/20260822_191919_2/logs/scpe3_rep02_pos1_cplex.log"
"scpe3","2","2","dlx","0","Optimal","5","5","0.004558919","0.098701732","0.103260651","0.004557000","0.098696000","0.103253000","0.107425928","0.10","0.00","4112","5492","3.2893","","","/home/leo/novo_tcc_rian/cplex_testes_versus_meu_codigo/dlx_nova_versao/comparacao/resultados/20260822_191919_2/logs/scpe3_rep02_pos2_dlx.log"
"scpe3","3","1","dlx","0","Optimal","5","5","0.004162264","0.095660184","0.099822448","0.004101000","0.095664000","0.099765000","0.103873014","0.10","0.00","3840","5492","3.2893","","","/home/leo/novo_tcc_rian/cplex_testes_versus_meu_codigo/dlx_nova_versao/comparacao/resultados/20260822_191919_2/logs/scpe3_rep03_pos1_dlx.log"
"scpe3","3","2","cplex","0","Optimal","5","5","0.001247516","0.172267997","0.173515513","0.001241000","0.172196000","0.173437000","0.179087877","0.16","0.00","22048","121","5","0","SIM","/home/leo/novo_tcc_rian/cplex_testes_versus_meu_codigo/dlx_nova_versao/comparacao/resultados/20260822_191919_2/logs/scpe3_rep03_pos2_cplex.log"
"scpe3","4","1","cplex","0","Optimal","5","5","0.001330895","0.194962602","0.196293497","0.001331000","0.194965000","0.196296000","0.201350927","0.19","0.00","22516","121","5","0","SIM","/home/leo/novo_tcc_rian/cplex_testes_versus_meu_codigo/dlx_nova_versao/comparacao/resultados/20260822_191919_2/logs/scpe3_rep04_pos1_cplex.log"
"scpe3","4","2","dlx","0","Optimal","5","5","0.004408582","0.106846649","0.111255231","0.004409000","0.106850000","0.111259000","0.115608931","0.11","0.00","3792","5492","3.2893","","","/home/leo/novo_tcc_rian/cplex_testes_versus_meu_codigo/dlx_nova_versao/comparacao/resultados/20260822_191919_2/logs/scpe3_rep04_pos2_dlx.log"
"scpe3","5","1","dlx","0","Optimal","5","5","0.004125895","0.116477844","0.120603739","0.004125000","0.116470000","0.120595000","0.124678850","0.12","0.00","3996","5492","3.2893","","","/home/leo/novo_tcc_rian/cplex_testes_versus_meu_codigo/dlx_nova_versao/comparacao/resultados/20260822_191919_2/logs/scpe3_rep05_pos1_dlx.log"
"scpe3","5","2","cplex","0","Optimal","5","5","0.001982676","0.170687532","0.172670208","0.001982000","0.170690000","0.172672000","0.179638147","0.16","0.01","22588","121","5","0","SIM","/home/leo/novo_tcc_rian/cplex_testes_versus_meu_codigo/dlx_nova_versao/comparacao/resultados/20260822_191919_2/logs/scpe3_rep05_pos2_cplex.log"
"scpe4","1","1","cplex","0","Optimal","5","5","0.002424551","0.167322126","0.169746677","0.002424000","0.167275000","0.169699000","0.175426960","0.16","0.00","22536","92","5","0","SIM","/home/leo/novo_tcc_rian/cplex_testes_versus_meu_codigo/dlx_nova_versao/comparacao/resultados/20260822_191919_2/logs/scpe4_rep01_pos1_cplex.log"
"scpe4","1","2","dlx","0","Optimal","5","5","0.004433421","0.069860317","0.074293738","0.004432000","0.069830000","0.074262000","0.079782009","0.07","0.00","4112","3674","3.4433","","","/home/leo/novo_tcc_rian/cplex_testes_versus_meu_codigo/dlx_nova_versao/comparacao/resultados/20260822_191919_2/logs/scpe4_rep01_pos2_dlx.log"
"scpe4","2","1","dlx","0","Optimal","5","5","0.005050495","0.070178039","0.075228534","0.005050000","0.070154000","0.075204000","0.079566002","0.07","0.00","3840","3674","3.4433","","","/home/leo/novo_tcc_rian/cplex_testes_versus_meu_codigo/dlx_nova_versao/comparacao/resultados/20260822_191919_2/logs/scpe4_rep02_pos1_dlx.log"
"scpe4","2","2","cplex","0","Optimal","5","5","0.001289700","0.151946208","0.153235908","0.001288000","0.151884000","0.153172000","0.159711123","0.15","0.00","22436","92","5","0","SIM","/home/leo/novo_tcc_rian/cplex_testes_versus_meu_codigo/dlx_nova_versao/comparacao/resultados/20260822_191919_2/logs/scpe4_rep02_pos2_cplex.log"
"scpe4","3","1","cplex","0","Optimal","5","5","0.001234110","0.196437374","0.197671484","0.001233000","0.196373000","0.197606000","0.203028917","0.20","0.00","22512","92","5","0","SIM","/home/leo/novo_tcc_rian/cplex_testes_versus_meu_codigo/dlx_nova_versao/comparacao/resultados/20260822_191919_2/logs/scpe4_rep03_pos1_cplex.log"
"scpe4","3","2","dlx","0","Optimal","5","5","0.018754757","0.066534264","0.085289021","0.018733000","0.066536000","0.085269000","0.090857029","0.08","0.00","3828","3674","3.4433","","","/home/leo/novo_tcc_rian/cplex_testes_versus_meu_codigo/dlx_nova_versao/comparacao/resultados/20260822_191919_2/logs/scpe4_rep03_pos2_dlx.log"
"scpe4","4","1","dlx","0","Optimal","5","5","0.004362883","0.069298685","0.073661568","0.004361000","0.069302000","0.073663000","0.090471983","0.07","0.00","3880","3674","3.4433","","","/home/leo/novo_tcc_rian/cplex_testes_versus_meu_codigo/dlx_nova_versao/comparacao/resultados/20260822_191919_2/logs/scpe4_rep04_pos1_dlx.log"
"scpe4","4","2","cplex","0","Optimal","5","5","0.001524475","0.175569684","0.177094159","0.001524000","0.175539000","0.177063000","0.183842897","0.17","0.00","22052","92","5","0","SIM","/home/leo/novo_tcc_rian/cplex_testes_versus_meu_codigo/dlx_nova_versao/comparacao/resultados/20260822_191919_2/logs/scpe4_rep04_pos2_cplex.log"
"scpe4","5","1","cplex","0","Optimal","5","5","0.000985097","0.247424318","0.248409415","0.000984000","0.247384000","0.248368000","0.254389048","0.24","0.01","22624","92","5","0","SIM","/home/leo/novo_tcc_rian/cplex_testes_versus_meu_codigo/dlx_nova_versao/comparacao/resultados/20260822_191919_2/logs/scpe4_rep05_pos1_cplex.log"
"scpe4","5","2","dlx","0","Optimal","5","5","0.003728077","0.072867578","0.076595655","0.003726000","0.072849000","0.076575000","0.081382036","0.07","0.00","3840","3674","3.4433","","","/home/leo/novo_tcc_rian/cplex_testes_versus_meu_codigo/dlx_nova_versao/comparacao/resultados/20260822_191919_2/logs/scpe4_rep05_pos2_dlx.log"
"scpe5","1","1","dlx","0","Optimal","5","5","0.004409366","0.081078906","0.085488272","0.004407000","0.081082000","0.085489000","0.093371153","0.08","0.00","4028","3875","3.3808","","","/home/leo/novo_tcc_rian/cplex_testes_versus_meu_codigo/dlx_nova_versao/comparacao/resultados/20260822_191919_2/logs/scpe5_rep01_pos1_dlx.log"
"scpe5","1","2","cplex","0","Optimal","5","5","0.001757491","0.209666129","0.211423620","0.001757000","0.209541000","0.211298000","0.217725039","0.20","0.01","22232","93","5","0","SIM","/home/leo/novo_tcc_rian/cplex_testes_versus_meu_codigo/dlx_nova_versao/comparacao/resultados/20260822_191919_2/logs/scpe5_rep01_pos2_cplex.log"
"scpe5","2","1","cplex","0","Optimal","5","5","0.001864983","0.185021318","0.186886301","0.001864000","0.185023000","0.186887000","0.193783045","0.18","0.00","22800","93","5","0","SIM","/home/leo/novo_tcc_rian/cplex_testes_versus_meu_codigo/dlx_nova_versao/comparacao/resultados/20260822_191919_2/logs/scpe5_rep02_pos1_cplex.log"
"scpe5","2","2","dlx","0","Optimal","5","5","0.017033036","0.070120630","0.087153666","0.015520000","0.070124000","0.085644000","0.091730833","0.08","0.00","4000","3875","3.3808","","","/home/leo/novo_tcc_rian/cplex_testes_versus_meu_codigo/dlx_nova_versao/comparacao/resultados/20260822_191919_2/logs/scpe5_rep02_pos2_dlx.log"
"scpe5","3","1","dlx","0","Optimal","5","5","0.020473767","0.101792822","0.122266589","0.020472000","0.101724000","0.122196000","0.154758930","0.12","0.00","4028","3875","3.3808","","","/home/leo/novo_tcc_rian/cplex_testes_versus_meu_codigo/dlx_nova_versao/comparacao/resultados/20260822_191919_2/logs/scpe5_rep03_pos1_dlx.log"
"scpe5","3","2","cplex","0","Optimal","5","5","0.001209324","0.224664653","0.225873977","0.001209000","0.224667000","0.225876000","0.231665134","0.22","0.00","22332","93","5","0","SIM","/home/leo/novo_tcc_rian/cplex_testes_versus_meu_codigo/dlx_nova_versao/comparacao/resultados/20260822_191919_2/logs/scpe5_rep03_pos2_cplex.log"
"scpe5","4","1","cplex","0","Optimal","5","5","0.001091290","0.175028488","0.176119778","0.001090000","0.175030000","0.176120000","0.181283951","0.17","0.00","22748","93","5","0","SIM","/home/leo/novo_tcc_rian/cplex_testes_versus_meu_codigo/dlx_nova_versao/comparacao/resultados/20260822_191919_2/logs/scpe5_rep04_pos1_cplex.log"
"scpe5","4","2","dlx","0","Optimal","5","5","0.003375298","0.071412273","0.074787571","0.003373000","0.071416000","0.074789000","0.080672979","0.07","0.00","3828","3875","3.3808","","","/home/leo/novo_tcc_rian/cplex_testes_versus_meu_codigo/dlx_nova_versao/comparacao/resultados/20260822_191919_2/logs/scpe5_rep04_pos2_dlx.log"
"scpe5","5","1","dlx","0","Optimal","5","5","0.004375356","0.076241405","0.080616761","0.004374000","0.076246000","0.080620000","0.085021973","0.08","0.00","3880","3875","3.3808","","","/home/leo/novo_tcc_rian/cplex_testes_versus_meu_codigo/dlx_nova_versao/comparacao/resultados/20260822_191919_2/logs/scpe5_rep05_pos1_dlx.log"
"scpe5","5","2","cplex","0","Optimal","5","5","0.001381354","0.170097895","0.171479249","0.001381000","0.170100000","0.171481000","0.178248167","0.17","0.00","22940","93","5","0","SIM","/home/leo/novo_tcc_rian/cplex_testes_versus_meu_codigo/dlx_nova_versao/comparacao/resultados/20260822_191919_2/logs/scpe5_rep05_pos2_cplex.log"
